,0,1
0,2022.04.24 12:03,jjaa****
1,2022.04.24 12:01,bint****
2,2022.04.24 04:02,sohn****
3,2022.04.22 21:20,ekfr****
4,2022.04.22 14:05,kimi****
5,2022.04.22 16:10,jjaa****
6,2022.04.21 13:00,mi62****
7,2022.04.21 19:43,lgy3****
8,2022.04.20 14:53,hurm****
9,2022.04.20 14:43,max5****
10,2022.04.20 14:38,jang****
11,2022.04.20 14:36,hurm****
12,2022.04.20 13:21,star****
13,2022.04.20 13:00,gock****
14,2022.04.20 11:50,kimi****
15,2022.04.20 08:46,chun****
16,2022.04.19 08:55,leez****
17,2022.04.18 11:39,wind****
18,2022.04.18 10:04,chun****
19,2022.04.17 23:24,back****
20,2022.04.17 12:02,ehj3****
21,2022.04.16 20:42,neom****
22,2022.04.16 16:20,wind****
23,2022.04.16 13:37,jjan****
24,2022.04.15 22:54,leek****
25,2022.04.15 17:13,ghdr****
26,2022.04.15 17:00,hurm****
27,2022.04.15 16:24,hurm****
28,2022.04.15 16:28,hurm****
29,2022.04.15 15:47,sumi****
30,2022.04.15 15:12,gmg6****
31,2022.04.15 12:25,hh91****
32,2022.04.15 12:06,neve****
33,2022.04.15 11:43,ehj3****
34,2022.04.15 11:25,minu****
35,2022.04.15 11:19,wind****
36,2022.04.15 11:01,hurm****
37,2022.04.15 10:56,chun****
38,2022.04.15 10:41,hurm****
39,2022.04.15 09:46,s423****
40,2022.04.15 09:24,back****
41,2022.04.14 21:45,bint****
42,2022.04.14 19:47,chun****
43,2022.04.14 16:42,dldm****
44,2022.04.14 16:29,2dda****
45,2022.04.14 15:53,rogo****
46,2022.04.14 15:37,fish****
47,2022.04.14 15:36,taks****
48,2022.04.14 15:34,sisi****
49,2022.04.14 15:33,dhwo****
50,2022.04.14 15:12,sisi****
51,2022.04.14 14:58,hurm****
52,2022.04.14 14:51,koes****
53,2022.04.14 14:46,hurm****
54,2022.04.14 14:30,hurm****
55,2022.04.14 13:43,jkhj****
56,2022.04.14 13:30,star****
57,2022.04.14 13:15,chun****
58,2022.04.14 12:53,jaju****
59,2022.04.14 12:40,bae0****
60,2022.04.14 12:31,yusa****
61,2022.04.14 12:30,mari****
62,2022.04.14 12:06,chun****
63,2022.04.14 11:52,nimn****
64,2022.04.14 10:29,dazi****
65,2022.04.14 09:22,chun****
66,2022.04.14 09:11,chun****
67,2022.04.14 08:21,jaju****
68,2022.04.14 07:10,bint****
69,2022.04.13 23:14,gock****
70,2022.04.13 16:48,wind****
71,2022.04.13 16:39,astr****
72,2022.04.13 16:22,ghdr****
73,2022.04.13 15:35,max5****
74,2022.04.13 12:35,iccp****
75,2022.04.13 12:34,back****
76,2022.04.13 11:15,tltd****
77,2022.04.12 14:56,max5****
78,2022.04.12 12:51,bint****
79,2022.04.12 12:40,crit****
80,2022.04.12 11:15,fpsk****
81,2022.04.12 09:43,bint****
82,2022.04.11 22:30,tltd****
83,2022.04.11 14:21,wind****
84,2022.04.10 09:15,lgy3****
85,2022.04.09 18:26,es_s****
86,2022.04.08 18:03,jupi****
87,2022.04.08 13:20,wind****
88,2022.04.06 10:49,bae0****
89,2022.04.06 10:38,mhki****
90,2022.04.06 09:10,hsal****
91,2022.04.04 21:57,bae0****
92,2022.04.04 11:22,wind****
93,2022.04.01 17:56,max5****
94,2022.04.01 23:35,max5****
95,2022.04.01 12:23,jame****
96,2022.04.01 10:35,bae0****
97,2022.04.01 08:46,wind****
98,2022.04.01 08:29,leee****
99,2022.03.31 23:17,sik3****
100,2022.03.31 21:26,star****
101,2022.03.31 18:24,bae0****
102,2022.03.31 15:42,the5****
103,2022.03.31 11:38,mari****
104,2022.03.31 11:14,neom****
105,2022.03.31 10:35,mym3****
106,2022.03.31 10:09,wjja****
107,2022.03.31 10:08,chae****
108,2022.03.31 01:38,aska****
109,2022.03.30 23:06,wngu****
110,2022.03.30 22:15,alfz****
111,2022.03.30 21:21,ocea****
112,2022.03.30 19:28,sjlo****
113,2022.03.30 18:36,bae0****
114,2022.03.30 12:52,mari****
115,2022.03.29 18:41,seam****
116,2022.03.29 16:48,max5****
117,2022.03.29 16:25,star****
118,2022.03.29 11:38,neom****
119,2022.03.29 10:49,max5****
120,2022.03.29 10:11,jupi****
121,2022.03.29 09:13,toda****
122,2022.03.28 15:55,real****
123,2022.03.28 13:37,max5****
124,2022.03.28 12:36,leee****
125,2022.03.27 08:15,k541****
126,2022.03.25 17:34,crit****
127,2022.03.25 15:14,bae0****
128,2022.03.25 11:34,the5****
129,2022.03.25 11:04,70hs****
130,2022.03.25 11:00,dkfq****
131,2022.03.24 14:40,dack****
132,2022.03.24 14:04,max5****
133,2022.03.23 15:25,bae0****
134,2022.03.23 14:15,jupi****
135,2022.03.23 12:05,star****
136,2022.03.22 14:55,jupi****
137,2022.03.22 10:55,qorw****
138,2022.03.21 20:50,max5****
139,2022.03.21 19:33,kang****
140,2022.03.21 17:40,max5****
141,2022.03.21 15:30,juhy****
142,2022.03.21 17:49,bae0****
143,2022.03.21 11:27,wngu****
144,2022.03.20 23:49,neom****
145,2022.03.20 17:08,wngu****
146,2022.03.19 20:00,neom****
147,2022.03.19 18:46,crit****
148,2022.03.19 09:30,rngu****
149,2022.03.18 22:16,wgch****
150,2022.03.19 11:19,bae0****
151,2022.03.18 18:49,taks****
152,2022.03.18 18:45,jhl5****
153,2022.03.18 11:12,gock****
154,2022.03.18 10:57,doko****
155,2022.03.18 10:49,star****
156,2022.03.18 10:21,max5****
157,2022.03.18 10:14,max5****
158,2022.03.18 10:12,cand****
159,2022.03.18 09:10,qorw****
160,2022.03.18 08:23,cbm7****
161,2022.03.18 07:44,star****
162,2022.03.18 00:01,golf****
163,2022.03.17 19:24,max5****
164,2022.03.17 19:09,khs2****
165,2022.03.17 17:32,vita****
166,2022.03.17 17:22,bae0****
167,2022.03.17 17:15,seoi****
168,2022.03.17 17:12,the5****
169,2022.03.17 17:03,seoi****
170,2022.03.17 16:40,seoi****
171,2022.03.17 16:34,amor****
172,2022.03.17 14:08,star****
173,2022.03.17 13:32,max5****
174,2022.03.17 13:24,dack****
175,2022.03.17 10:06,alfz****
176,2022.03.17 09:57,wjpy****
177,2022.03.17 09:48,max5****
178,2022.03.17 09:45,clov****
179,2022.03.17 09:35,kjk9****
180,2022.03.17 09:31,bint****
181,2022.03.15 13:26,bae0****
182,2022.03.15 10:11,golb****
183,2022.03.14 12:39,max5****
184,2022.03.14 22:22,max5****
185,2022.03.11 10:51,dong****
186,2022.03.11 10:35,sisi****
187,2022.03.10 11:03,sisi****
188,2022.03.10 10:56,juhy****
189,2022.03.10 09:48,kpea****
190,2022.03.08 12:07,juhy****
191,2022.03.08 11:18,wngu****
192,2022.03.08 08:47,bint****
193,2022.03.07 13:37,hurm****
194,2022.03.07 12:38,hurm****
195,2022.03.07 11:52,elen****
196,2022.03.07 10:44,tltd****
197,2022.03.07 10:32,alfz****
198,2022.03.07 09:23,juhy****
199,2022.03.06 23:44,bae0****
200,2022.03.05 13:35,bae0****
201,2022.03.04 21:41,kssi****
202,2022.03.04 11:14,dong****
203,2022.03.04 11:07,the5****
204,2022.03.04 09:46,juhy****
205,2022.03.04 08:55,jupi****
206,2022.03.07 10:00,7img****
207,2022.03.03 14:24,max5****
208,2022.03.03 11:38,the5****
209,2022.03.03 07:54,nach****
210,2022.03.02 18:41,nach****
211,2022.03.02 16:06,dudd****
212,2022.03.02 12:27,max5****
213,2022.03.02 10:26,lk59****
214,2022.03.02 09:48,the5****
215,2022.03.01 20:51,lmx1****
216,2022.02.28 17:08,max5****
217,2022.02.28 16:56,tltd****
218,2022.02.28 16:36,amw3****
219,2022.02.28 16:32,bint****
220,2022.02.28 16:27,tltd****
221,2022.02.28 16:13,jupi****
222,2022.02.28 15:39,desk****
223,2022.02.28 15:39,mkln****
224,2022.02.28 15:38,juhy****
225,2022.02.28 15:24,sky0****
226,2022.02.28 15:08,hkj3****
227,2022.02.28 14:07,juhy****
228,2022.02.28 13:17,pong****
229,2022.02.28 13:00,max5****
230,2022.02.28 10:31,the5****
231,2022.02.28 10:13,zpze****
232,2022.02.27 23:14,nota****
233,2022.02.25 23:10,the5****
234,2022.02.25 19:18,bae0****
235,2022.02.25 14:57,0119****
236,2022.02.25 14:11,bae0****
237,2022.02.25 07:57,hori****
238,2022.02.24 19:50,0119****
239,2022.02.24 15:49,ssj1****
240,2022.02.24 15:25,bae0****
241,2022.02.24 14:07,dong****
242,2022.02.24 09:38,tltd****
243,2022.02.23 16:59,pisc****
244,2022.02.23 15:58,sand****
245,2022.02.23 14:39,tltd****
246,2022.02.23 14:25,tltd****
247,2022.02.23 14:22,bae0****
248,2022.02.23 14:14,pong****
249,2022.02.23 14:07,0119****
250,2022.02.23 14:07,bae0****
251,2022.02.23 14:04,elen****
252,2022.02.23 13:55,tltd****
253,2022.02.23 13:06,lhs1****
254,2022.02.23 12:16,lhs1****
255,2022.02.23 11:49,lhs1****
256,2022.02.23 08:52,cmfn****
257,2022.02.22 17:58,alfz****
258,2022.02.22 17:10,tltd****
259,2022.02.22 16:11,bae0****
260,2022.02.22 15:37,dong****
261,2022.02.22 10:08,tltd****
262,2022.02.22 09:54,tode****
263,2022.02.22 09:45,jonn****
264,2022.02.22 09:54,brea****
265,2022.02.22 09:32,kjk9****
266,2022.02.22 09:31,elen****
267,2022.02.22 09:30,tltd****
268,2022.02.22 07:14,jupi****
269,2022.02.21 18:57,mkso****
270,2022.02.21 16:07,ssj1****
271,2022.02.21 14:56,0119****
272,2022.02.19 00:40,maga****
273,2022.02.18 14:11,mari****
274,2022.02.18 11:27,taza****
275,2022.02.17 16:35,bae0****
276,2022.02.17 12:15,hkj3****
277,2022.02.16 19:33,kdoo****
278,2022.02.16 10:55,pong****
279,2022.02.16 09:51,9302****
280,2022.02.16 09:41,juhy****
281,2022.02.16 09:38,pong****
282,2022.02.15 14:33,bae0****
283,2022.02.14 18:48,lcam****
284,2022.02.14 11:10,bae0****
285,2022.02.13 18:35,chun****
286,2022.02.13 18:21,max5****
287,2022.02.13 15:07,best****
288,2022.02.12 16:03,t733****
289,2022.02.12 07:21,audt****
290,2022.02.11 09:09,chun****
291,2022.02.10 17:52,akfh****
292,2022.02.10 15:28,elen****
293,2022.02.10 12:13,jupi****
294,2022.02.10 10:47,bae0****
295,2022.02.10 10:31,hurm****
296,2022.02.10 10:28,8578****
297,2022.02.10 09:29,hurm****
298,2022.02.10 08:53,conf****
299,2022.02.10 08:47,chun****
300,2022.02.09 16:27,sand****
301,2022.02.09 12:11,chun****
302,2022.02.09 11:35,chir****
303,2022.02.08 22:22,w079****
304,2022.02.08 15:51,ssj1****
305,2022.02.08 11:07,juhy****
306,2022.02.07 22:56,kani****
307,2022.02.07 22:26,alfz****
308,2022.02.07 21:43,chun****
309,2022.02.07 20:59,hkj3****
310,2022.02.07 19:05,gigs****
311,2022.02.07 11:39,w079****
312,2022.02.07 09:05,kjk9****
313,2022.02.04 15:42,audt****
314,2022.02.04 13:45,hkj3****
315,2022.02.04 11:44,jupi****
316,2022.02.03 11:12,bobp****
317,2022.02.03 10:48,s423****
318,2022.02.03 09:41,syj7****
319,2022.02.01 20:52,jejk****
320,2022.01.30 17:58,kang****
321,2022.01.28 18:57,ksg1****
322,2022.01.28 18:32,ttnn****
323,2022.01.28 15:32,bint****
324,2022.01.28 14:34,gigs****
325,2022.01.28 14:05,bae0****
326,2022.01.28 12:20,gock****
327,2022.01.28 11:57,lkm9****
328,2022.01.28 11:41,jang****
329,2022.01.28 11:31,dudd****
330,2022.01.28 11:31,bae0****
331,2022.01.28 11:26,gock****
332,2022.01.28 10:01,noot****
333,2022.01.27 21:26,gwc7****
334,2022.01.27 20:13,sisi****
335,2022.01.27 19:56,myst****
336,2022.01.27 22:08,akak****
337,2022.01.27 17:05,bint****
338,2022.01.27 16:30,hori****
339,2022.01.27 16:02,myst****
340,2022.01.27 15:05,meri****
341,2022.01.27 14:55,whit****
342,2022.01.27 11:03,chun****
343,2022.01.27 10:22,obli****
344,2022.01.27 09:00,jang****
345,2022.01.27 08:55,seoi****
346,2022.01.27 08:41,moti****
347,2022.01.27 07:24,gwc7****
348,2022.01.26 20:01,chun****
349,2022.01.26 19:47,sywo****
350,2022.01.26 18:48,alfz****
351,2022.01.26 18:35,s423****
352,2022.01.26 15:44,star****
353,2022.01.26 12:20,jonn****
354,2022.01.26 05:32,kang****
355,2022.01.25 17:37,clov****
356,2022.01.25 17:34,ehks****
357,2022.01.25 13:57,myst****
358,2022.01.25 10:11,kkk9****
359,2022.01.25 05:47,nure****
360,2022.01.24 16:47,seoi****
361,2022.01.24 13:50,hzhg****
362,2022.01.24 11:41,clov****
363,2022.01.24 08:03,chun****
364,2022.01.23 19:42,bint****
365,2022.01.22 11:27,sand****
366,2022.01.21 13:38,gock****
367,2022.01.21 13:35,mari****
368,2022.01.21 11:28,zpze****
369,2022.01.20 15:36,jupi****
370,2022.01.20 14:55,gock****
371,2022.01.20 12:56,jame****
372,2022.01.19 21:27,chun****
373,2022.01.19 21:13,bae0****
374,2022.01.19 20:54,lwls****
375,2022.01.19 20:50,jero****
376,2022.01.19 12:39,bae0****
377,2022.01.19 12:02,sb01****
378,2022.01.19 11:50,chun****
379,2022.01.19 10:06,bae0****
380,2022.01.19 09:33,ldhh****
381,2022.01.19 09:10,chun****
382,2022.01.18 14:09,kim3****
383,2022.01.18 12:47,chir****
384,2022.01.18 11:37,leed****
385,2022.01.18 09:41,doko****
386,2022.01.18 09:17,jupi****
387,2022.01.18 07:01,gwc7****
388,2022.01.18 02:15,ilho****
389,2022.01.17 18:01,doko****
390,2022.01.17 16:19,bae0****
391,2022.01.17 14:03,love****
392,2022.01.17 13:47,wjpy****
393,2022.01.17 12:31,ljsz****
394,2022.01.17 11:05,bae0****
395,2022.01.17 11:02,tltd****
396,2022.01.17 10:57,1914****
397,2022.01.17 10:36,dong****
398,2022.01.17 10:19,hurm****
399,2022.01.17 10:17,doko****
400,2022.01.17 10:16,desk****
401,2022.01.17 10:02,hurm****
402,2022.01.17 09:51,hurm****
403,2022.01.17 09:36,bae0****
404,2022.01.17 09:33,ygsi****
405,2022.01.17 06:19,oph9****
406,2022.01.15 14:22,damd****
407,2022.01.15 13:35,gwc7****
408,2022.01.15 14:55,bae0****
409,2022.01.15 02:52,ilho****
410,2022.01.14 19:02,mkln****
411,2022.01.14 18:40,jupi****
412,2022.01.14 18:04,desk****
413,2022.01.14 17:19,desk****
414,2022.01.14 16:51,bae0****
415,2022.01.14 14:59,1914****
416,2022.01.14 13:14,ston****
417,2022.01.14 12:39,fred****
418,2022.01.14 12:34,mari****
419,2022.01.14 12:30,tltd****
420,2022.01.14 12:24,tltd****
421,2022.01.14 12:15,wjpy****
422,2022.01.14 11:45,audt****
423,2022.01.14 11:33,elen****
424,2022.01.14 11:25,tltd****
425,2022.01.14 11:19,bae0****
426,2022.01.14 11:17,kang****
427,2022.01.14 11:10,noot****
428,2022.01.14 11:07,tltd****
429,2022.01.14 11:02,bskw****
430,2022.01.14 10:53,tltd****
431,2022.01.14 10:48,tltd****
432,2022.01.14 10:46,desk****
433,2022.01.14 10:37,1505****
434,2022.01.14 10:17,tltd****
435,2022.01.14 10:18,bae0****
436,2022.01.14 10:08,sywo****
437,2022.01.14 10:00,chir****
438,2022.01.14 09:35,nkyi****
439,2022.01.14 09:34,leej****
440,2022.01.14 09:32,1505****
441,2022.01.14 09:17,ygsi****
442,2022.01.14 09:04,sema****
443,2022.01.14 09:02,wlst****
444,2022.01.14 09:02,wldo****
445,2022.01.14 09:01,bae0****
446,2022.01.14 08:44,ran9****
447,2022.01.14 08:09,s423****
448,2022.01.13 20:31,hzhg****
449,2022.01.13 19:44,duta****
450,2022.01.13 19:32,jaju****
451,2022.01.13 19:10,sine****
452,2022.01.13 18:32,bae0****
453,2022.01.13 18:18,mwle****
454,2022.01.13 17:03,naer****
455,2022.01.13 16:26,star****
456,2022.01.13 15:41,tltd****
457,2022.01.13 15:29,bae0****
458,2022.01.13 15:25,doko****
459,2022.01.13 15:20,mecm****
460,2022.01.13 15:01,ston****
461,2022.01.13 14:51,tkst****
462,2022.01.13 14:32,yari****
463,2022.01.13 14:22,bae0****
464,2022.01.13 13:43,the5****
465,2022.01.13 13:35,gock****
466,2022.01.13 13:23,jaju****
467,2022.01.13 13:05,hurm****
468,2022.01.13 13:01,jaju****
469,2022.01.13 12:58,love****
470,2022.01.13 12:17,ston****
471,2022.01.13 11:47,gwc7****
472,2022.01.13 11:35,mari****
473,2022.01.13 11:34,mark****
474,2022.01.13 11:18,ston****
475,2022.01.13 11:03,desk****
476,2022.01.13 11:02,ghdd****
477,2022.01.13 10:59,kth2****
478,2022.01.13 10:49,sisi****
479,2022.01.13 11:03,taks****
480,2022.01.13 10:20,chir****
481,2022.01.13 09:50,wlst****
482,2022.01.13 09:28,elen****
483,2022.01.13 09:20,luck****
484,2022.01.13 00:41,ilho****
485,2022.01.12 22:30,love****
486,2022.01.12 20:16,jj00****
487,2022.01.12 18:46,star****
488,2022.01.12 18:26,sumi****
489,2022.01.12 18:16,bae0****
490,2022.01.12 18:15,jhpa****
491,2022.01.12 17:19,love****
492,2022.01.12 16:53,jaju****
493,2022.01.12 16:22,funn****
494,2022.01.12 16:01,9411****
495,2022.01.12 15:55,sisi****
496,2022.01.12 15:46,bae0****
497,2022.01.12 15:31,fofo****
498,2022.01.12 15:00,tjqu****
499,2022.01.12 14:54,ston****
500,2022.01.12 14:52,dkfz****
501,2022.01.12 14:36,star****
502,2022.01.12 13:31,jung****
503,2022.01.12 13:13,desk****
504,2022.01.12 12:49,doko****
505,2022.01.12 12:46,jaju****
506,2022.01.12 12:34,mari****
507,2022.01.12 12:29,sky0****
508,2022.01.12 12:29,doko****
509,2022.01.12 11:38,eagi****
510,2022.01.12 11:30,dack****
511,2022.01.12 14:23,cj10****
512,2022.01.12 11:27,luck****
513,2022.01.12 10:45,sand****
514,2022.01.12 09:10,msk1****
515,2022.01.12 09:05,bae0****
516,2022.01.12 07:25,hwan****
517,2022.01.11 23:39,1524****
518,2022.01.11 19:55,jkb3****
519,2022.01.12 12:10,gmg6****
520,2022.01.11 19:50,dkfz****
521,2022.01.11 19:43,p165****
522,2022.01.11 17:40,bae0****
523,2022.01.11 15:17,sky0****
524,2022.01.11 14:54,desk****
525,2022.01.11 14:14,kang****
526,2022.01.11 13:15,max5****
527,2022.01.11 13:04,ston****
528,2022.01.11 12:47,bae0****
529,2022.01.11 11:38,wngu****
530,2022.01.11 10:54,dack****
531,2022.01.11 10:27,the5****
532,2022.01.11 10:05,star****
533,2022.01.11 09:49,jupi****
534,2022.01.11 09:28,sisi****
535,2022.01.11 04:20,mani****
536,2022.01.10 21:19,leej****
537,2022.01.10 19:46,kang****
538,2022.01.10 16:18,bae0****
539,2022.01.10 13:23,jupi****
540,2022.01.10 10:50,bae0****
541,2022.01.10 10:19,leej****
542,2022.01.10 09:28,sisi****
543,2022.01.08 15:29,oph9****
544,2022.01.08 10:17,kang****
545,2022.01.07 23:29,1524****
546,2022.01.07 21:29,hurm****
547,2022.01.07 21:14,hurm****
548,2022.01.07 18:20,bae0****
549,2022.01.07 15:41,sisi****
550,2022.01.07 15:38,juhy****
551,2022.01.07 15:15,love****
552,2022.01.07 15:08,ston****
553,2022.01.07 15:00,wngu****
554,2022.01.07 13:14,kang****
555,2022.01.07 13:00,shin****
556,2022.01.07 11:31,bae0****
557,2022.01.07 11:08,ston****
558,2022.01.07 10:33,juhy****
559,2022.01.07 10:18,sisi****
560,2022.01.06 19:39,gwc7****
561,2022.01.06 19:02,s423****
562,2022.01.06 17:10,star****
563,2022.01.06 15:59,bae0****
564,2022.01.06 10:51,mknv****
565,2022.01.06 10:32,doko****
566,2022.01.06 10:12,bint****
567,2022.01.06 09:09,sisi****
568,2022.01.05 19:09,bae0****
569,2022.01.05 17:47,hurm****
570,2022.01.05 17:06,bae0****
571,2022.01.05 16:41,sisi****
572,2022.01.05 16:03,star****
573,2022.01.05 14:57,sisi****
574,2022.01.05 09:39,hurm****
575,2022.01.04 14:10,sisi****
576,2022.01.04 13:27,bae0****
577,2022.01.04 12:31,star****
578,2022.01.04 10:57,mari****
579,2022.01.04 10:09,sand****
580,2022.01.04 10:04,hurm****
581,2022.01.04 09:08,pong****
582,2022.01.03 14:43,jupi****
583,2022.01.03 14:17,pong****
584,2022.01.03 14:13,bae0****
585,2022.01.03 10:46,mark****
586,2022.01.03 09:51,zpze****
587,2022.01.02 11:52,kang****
588,2022.01.02 09:38,kang****
589,2022.01.01 00:06,bae0****
590,2021.12.30 16:44,xxxx****
591,2021.12.30 14:56,5994****
592,2021.12.30 14:51,bae0****
593,2021.12.30 10:50,cygn****
594,2021.12.30 10:49,xxxx****
595,2021.12.30 09:14,pong****
596,2021.12.29 15:13,akfh****
597,2021.12.29 13:07,juhy****
598,2021.12.29 12:45,sisi****
599,2021.12.29 11:52,wlst****
600,2021.12.29 10:49,pong****
601,2021.12.29 09:51,dadd****
602,2021.12.29 09:39,mari****
603,2021.12.29 09:19,chae****
604,2021.12.29 09:12,elen****
605,2021.12.29 09:04,juhy****
606,2021.12.29 09:04,mark****
607,2021.12.28 18:20,bae0****
608,2021.12.28 17:09,5994****
609,2021.12.28 15:57,sisi****
610,2021.12.28 14:12,cona****
611,2021.12.28 13:54,dadd****
612,2021.12.28 13:49,bae0****
613,2021.12.28 12:25,hpno****
614,2021.12.28 10:36,sisi****
615,2021.12.28 09:32,mark****
616,2021.12.27 16:47,akfh****
617,2021.12.27 15:15,bkba****
618,2021.12.27 14:17,juhy****
619,2021.12.27 09:07,bae0****
620,2021.12.25 21:57,namb****
621,2021.12.24 17:50,ywj4****
622,2021.12.24 15:49,juhy****
623,2021.12.24 15:19,bae0****
624,2021.12.24 14:46,akfh****
625,2021.12.24 11:35,desk****
626,2021.12.24 11:35,hpno****
627,2021.12.24 10:32,pong****
628,2021.12.24 10:01,mark****
629,2021.12.24 09:29,chae****
630,2021.12.23 17:00,kpea****
631,2021.12.23 18:36,bae0****
632,2021.12.23 11:57,ywj4****
633,2021.12.23 10:52,bae0****
634,2021.12.21 20:38,xeno****
635,2021.12.21 13:54,juhy****
636,2021.12.21 10:59,pong****
637,2021.12.20 14:40,lucy****
638,2021.12.20 14:19,ho42****
639,2021.12.20 11:59,okse****
640,2021.12.20 10:16,udt9****
641,2021.12.20 09:27,qkr8****
642,2021.12.20 09:20,bae0****
643,2021.12.17 18:59,kang****
644,2021.12.17 13:12,bae0****
645,2021.12.17 12:50,hzhg****
646,2021.12.17 12:08,star****
647,2021.12.17 11:34,wngu****
648,2021.12.17 10:56,wlst****
649,2021.12.17 10:09,jupi****
650,2021.12.17 10:06,hzhg****
651,2021.12.17 09:48,bae0****
652,2021.12.17 04:55,kang****
653,2021.12.16 11:58,sema****
654,2021.12.16 10:44,ywj4****
655,2021.12.16 10:21,ssan****
656,2021.12.16 09:24,pong****
657,2021.12.16 08:13,kang****
658,2021.12.15 15:25,ywj4****
659,2021.12.15 15:24,wlst****
660,2021.12.15 15:13,pjs0****
661,2021.12.15 15:05,hzhg****
662,2021.12.15 12:25,dadd****
663,2021.12.15 11:03,ywj4****
664,2021.12.14 22:46,bae0****
665,2021.12.14 17:43,news****
666,2021.12.14 17:39,ywj4****
667,2021.12.14 15:48,desk****
668,2021.12.14 15:09,jupi****
669,2021.12.14 15:05,s423****
670,2021.12.14 15:01,sema****
671,2021.12.14 14:29,bae0****
672,2021.12.14 13:52,desk****
673,2021.12.14 09:43,mari****
674,2021.12.14 16:03,bae0****
675,2021.12.13 15:24,bae0****
676,2021.12.13 14:47,jupi****
677,2021.12.13 10:06,bae0****
678,2021.12.12 21:45,bae0****
679,2021.12.10 15:38,bae0****
680,2021.12.10 15:25,ywj4****
681,2021.12.10 11:04,song****
682,2021.12.10 10:52,mari****
683,2021.12.09 22:18,ywj4****
684,2021.12.09 17:06,hpno****
685,2021.12.09 16:44,nigh****
686,2021.12.09 15:33,dlal****
687,2021.12.09 15:13,bae0****
688,2021.12.09 12:31,bae0****
689,2021.12.09 12:08,jupi****
690,2021.12.09 11:14,star****
691,2021.12.09 09:41,jink****
692,2021.12.09 09:33,dadd****
693,2021.12.08 19:21,ywj4****
694,2021.12.08 10:23,the5****
695,2021.12.08 09:42,bae0****
696,2021.12.07 14:00,bae0****
697,2021.12.07 12:57,elen****
698,2021.12.06 12:47,star****
699,2021.12.06 11:32,bubh****
700,2021.12.06 11:24,bae0****
701,2021.12.06 07:44,oph9****
702,2021.12.05 16:47,sola****
703,2021.12.04 16:55,s423****
704,2021.12.03 13:08,jupi****
705,2021.12.02 09:07,desk****
706,2021.12.01 14:54,wngu****
707,2021.12.01 14:46,true****
708,2021.12.01 10:18,wlst****
709,2021.12.01 06:55,elen****
710,2021.11.30 16:07,s423****
711,2021.11.30 12:53,figo****
712,2021.11.30 12:46,jupi****
713,2021.11.30 12:45,blue****
714,2021.11.30 11:53,hpno****
715,2021.11.30 11:06,star****
716,2021.11.29 10:27,wind****
717,2021.11.28 19:37,dhdr****
718,2021.11.26 22:45,1524****
719,2021.11.26 16:51,maje****
720,2021.11.26 14:54,sisi****
721,2021.11.26 14:50,jwry****
722,2021.11.26 12:30,neom****
723,2021.11.26 11:48,jupi****
724,2021.11.25 14:37,jjun****
725,2021.11.25 10:06,ppph****
726,2021.11.25 09:28,wind****
727,2021.11.24 12:46,taks****
728,2021.11.24 10:01,ldw1****
729,2021.11.24 04:36,ezio****
730,2021.11.23 19:38,ywj4****
731,2021.11.23 14:58,park****
732,2021.11.23 14:03,jupi****
733,2021.11.23 11:06,ldw1****
734,2021.11.23 09:09,wlst****
735,2021.11.22 19:38,kang****
736,2021.11.22 15:20,ktln****
737,2021.11.22 14:54,sisi****
738,2021.11.22 10:57,ywj4****
739,2021.11.22 10:07,ldw1****
740,2021.11.22 09:44,elen****
741,2021.11.20 10:54,ktln****
742,2021.11.20 11:47,comm****
743,2021.11.19 22:59,naba****
744,2021.11.19 16:15,mari****
745,2021.11.19 16:00,jupi****
746,2021.11.19 14:17,wind****
747,2021.11.19 10:44,ldw1****
748,2021.11.18 21:02,ldw1****
749,2021.11.18 16:38,sand****
750,2021.11.18 12:58,comm****
751,2021.11.18 11:37,elen****
752,2021.11.18 10:41,jupi****
753,2021.11.18 10:39,wind****
754,2021.11.17 21:38,pick****
755,2021.11.17 21:20,comm****
756,2021.11.17 18:44,juhy****
757,2021.11.17 17:44,70hs****
758,2021.11.17 14:55,sand****
759,2021.11.17 14:29,taka****
760,2021.11.17 12:56,dltj****
761,2021.11.17 12:09,star****
762,2021.11.17 11:49,ldw1****
763,2021.11.17 11:41,jupi****
764,2021.11.17 11:33,desk****
765,2021.11.17 09:52,ppph****
766,2021.11.17 05:30,hori****
767,2021.11.16 22:47,neda****
768,2021.11.16 21:28,1505****
769,2021.11.16 15:58,desk****
770,2021.11.16 14:25,jzhe****
771,2021.11.16 14:24,sisi****
772,2021.11.16 14:24,wlst****
773,2021.11.16 14:15,ghdu****
774,2021.11.16 11:53,kol1****
775,2021.11.16 10:43,invi****
776,2021.11.16 10:07,acko****
777,2021.11.16 10:07,bags****
778,2021.11.16 10:01,kimj****
779,2021.11.16 09:14,kimj****
780,2021.11.16 09:10,wlst****
781,2021.11.16 09:04,elen****
782,2021.11.15 21:33,wngu****
783,2021.11.15 20:54,icar****
784,2021.11.15 19:30,iamb****
785,2021.11.15 18:32,s423****
786,2021.11.15 18:23,chae****
787,2021.11.15 15:38,kimj****
788,2021.11.15 15:37,1505****
789,2021.11.15 15:22,clsr****
790,2021.11.15 15:20,icar****
791,2021.11.15 14:54,hila****
792,2021.11.15 14:20,wind****
793,2021.11.15 14:19,lkkc****
794,2021.11.15 14:11,1505****
795,2021.11.15 14:06,kol1****
796,2021.11.15 14:05,elen****
797,2021.11.15 13:58,poi8****
798,2021.11.15 13:55,hila****
799,2021.11.15 13:52,jang****
800,2021.11.15 13:52,firs****
801,2021.11.15 13:51,dsh8****
802,2021.11.15 13:51,camp****
803,2021.11.15 13:50,a111****
804,2021.11.15 13:49,anan****
805,2021.11.15 13:49,idea****
806,2021.11.15 13:45,sisi****
807,2021.11.15 13:45,zpze****
808,2021.11.15 13:43,idea****
809,2021.11.15 13:41,desk****
810,2021.11.15 13:39,idea****
811,2021.11.15 13:36,pkgo****
812,2021.11.15 12:18,a111****
813,2021.11.15 11:50,tube****
814,2021.11.15 11:39,brig****
815,2021.11.15 11:30,karm****
816,2021.11.15 11:08,kol1****
817,2021.11.15 10:46,gasi****
818,2021.11.15 10:30,kimj****
819,2021.11.15 10:21,1505****
820,2021.11.15 09:49,karm****
821,2021.11.15 09:32,sisi****
822,2021.11.15 09:25,desk****
823,2021.11.15 09:24,wleo****
824,2021.11.15 09:12,pjh6****
825,2021.11.14 23:08,oph9****
826,2021.11.14 22:34,wind****
827,2021.11.14 16:44,t733****
828,2021.11.14 12:47,kjhs****
829,2021.11.13 13:38,chan****
830,2021.11.12 22:53,joen****
831,2021.11.12 20:42,path****
832,2021.11.12 18:53,brig****
833,2021.11.12 16:24,mega****
834,2021.11.12 12:21,paaa****
835,2021.11.12 11:32,pong****
836,2021.11.11 23:24,joen****
837,2021.11.11 16:38,kayc****
838,2021.11.11 15:44,tkdg****
839,2021.11.10 15:53,paaa****
840,2021.11.10 13:57,mark****
841,2021.11.10 13:36,elen****
842,2021.11.10 13:27,pong****
843,2021.11.10 12:14,pong****
844,2021.11.10 11:04,ldw1****
845,2021.11.10 10:01,sisi****
846,2021.11.10 08:32,tlsz****
847,2021.11.10 08:16,tlsz****
848,2021.11.10 04:55,pkgo****
849,2021.11.09 19:10,elen****
850,2021.11.09 11:14,desk****
851,2021.11.09 06:03,pkgo****
852,2021.11.09 02:41,dhqh****
853,2021.11.08 15:17,bawi****
854,2021.11.08 14:47,mari****
855,2021.11.08 14:06,dhqh****
856,2021.11.08 13:02,sin9****
857,2021.11.08 11:55,path****
858,2021.11.08 08:17,bawi****
859,2021.11.06 13:28,ccxx****
860,2021.11.05 19:40,zero****
861,2021.11.05 18:44,rkdt****
862,2021.11.05 16:47,paaa****
863,2021.11.05 13:50,dhgm****
864,2021.11.05 12:53,010q****
865,2021.11.05 11:15,brig****
866,2021.11.05 09:24,pong****
867,2021.11.04 20:00,dhqh****
868,2021.11.04 17:38,desk****
869,2021.11.04 17:27,hpno****
870,2021.11.04 15:10,desk****
871,2021.11.04 15:00,paaa****
872,2021.11.04 12:07,paaa****
873,2021.11.04 10:31,epur****
874,2021.11.03 13:42,kil9****
875,2021.11.03 10:37,woje****
876,2021.11.03 10:11,pong****
877,2021.11.03 09:45,pong****
878,2021.11.03 09:31,sisi****
879,2021.11.03 09:21,pong****
880,2021.11.02 21:08,woje****
881,2021.11.02 10:37,woje****
882,2021.11.02 10:22,juhy****
883,2021.11.02 09:37,desk****
884,2021.11.01 19:33,junk****
885,2021.11.01 18:05,desk****
886,2021.11.01 16:10,juhy****
887,2021.11.01 14:42,pong****
888,2021.11.01 14:14,70hs****
889,2021.11.01 13:45,help****
890,2021.11.01 13:23,pong****
891,2021.10.31 01:05,bigd****
892,2021.10.29 20:27,hska****
893,2021.10.29 20:12,chun****
894,2021.10.29 19:54,cand****
895,2021.10.29 12:16,sisi****
896,2021.10.29 10:15,mark****
897,2021.10.28 18:49,sdi3****
898,2021.10.28 18:18,chan****
899,2021.10.28 16:48,sisi****
900,2021.10.28 16:46,brig****
901,2021.10.28 15:45,paaa****
902,2021.10.28 14:57,elen****
903,2021.10.28 13:19,juhy****
904,2021.10.28 11:52,paaa****
905,2021.10.28 11:40,zpze****
906,2021.10.28 09:59,wjja****
907,2021.10.27 07:27,paaa****
908,2021.10.26 23:35,joen****
909,2021.10.27 08:35,chlw****
910,2021.10.26 17:09,hone****
911,2021.10.26 17:06,hone****
912,2021.10.26 16:39,juhy****
913,2021.10.26 11:13,pros****
914,2021.10.26 11:00,khb1****
915,2021.10.26 10:46,xorm****
916,2021.10.26 10:35,desk****
917,2021.10.25 14:21,juhy****
918,2021.10.22 13:47,desk****
919,2021.10.20 15:58,desk****
920,2021.10.20 08:40,s423****
921,2021.10.18 12:39,krev****
922,2021.10.18 11:14,soy8****
923,2021.10.18 09:03,desk****
924,2021.10.17 12:20,suks****
925,2021.10.14 14:35,juhy****
926,2021.10.14 13:50,help****
927,2021.10.14 13:29,desk****
928,2021.10.14 10:50,jun5****
929,2021.10.13 17:21,zpze****
930,2021.10.13 09:47,tlsd****
931,2021.10.12 11:51,woje****
932,2021.10.11 11:14,woje****
933,2021.10.10 19:57,woje****
934,2021.10.10 00:25,gold****
935,2021.10.08 17:49,west****
936,2021.10.08 16:36,dong****
937,2021.10.08 15:21,sdi3****
938,2021.10.08 14:49,pong****
939,2021.10.08 13:28,sisi****
940,2021.10.08 13:01,desk****
941,2021.10.08 12:57,woje****
942,2021.10.08 11:05,sayk****
943,2021.10.08 11:02,mark****
944,2021.10.07 22:37,hori****
945,2021.10.07 15:18,rudg****
946,2021.10.07 11:20,othe****
947,2021.10.07 09:09,news****
948,2021.10.07 09:05,brig****
949,2021.10.06 20:13,lmj2****
950,2021.10.06 14:29,elen****
951,2021.10.06 12:07,comn****
952,2021.10.06 07:30,namb****
953,2021.10.04 18:06,sje1****
954,2021.10.04 16:12,wngu****
955,2021.10.03 17:42,hell****
956,2021.10.01 20:24,xorm****
957,2021.10.01 11:27,dnwl****
958,2021.10.01 11:25,njin****
959,2021.10.01 06:44,bint****
960,2021.09.30 16:54,park****
961,2021.09.30 15:46,news****
962,2021.09.30 14:57,comn****
963,2021.09.30 14:44,jang****
964,2021.09.30 09:38,park****
965,2021.09.29 17:59,sktj****
966,2021.09.29 16:39,sisi****
967,2021.09.29 09:09,wjja****
968,2021.09.29 09:01,park****
969,2021.09.29 08:04,baes****
970,2021.09.29 06:36,bint****
971,2021.09.28 23:25,itch****
972,2021.09.28 18:25,bint****
973,2021.09.28 16:17,park****
974,2021.09.28 14:20,7img****
975,2021.09.28 10:54,elen****
976,2021.09.28 10:50,woat****
977,2021.09.28 10:08,xorm****
978,2021.09.28 09:22,yh18****
979,2021.09.28 00:51,mnnz****
980,2021.09.27 21:00,p455****
981,2021.09.27 15:20,brig****
982,2021.09.27 10:11,kaly****
983,2021.09.24 20:15,hiby****
984,2021.09.24 18:34,qkrr****
985,2021.09.24 18:29,elen****
986,2021.09.24 15:34,juhy****
987,2021.09.24 15:20,kaly****
988,2021.09.24 12:48,wngu****
989,2021.09.24 11:30,park****
990,2021.09.24 11:23,juhy****
991,2021.09.24 10:41,sayk****
992,2021.09.24 10:05,news****
993,2021.09.24 09:20,fiel****
994,2021.09.23 13:11,lee3****
995,2021.09.24 09:54,mym3****
996,2021.09.23 12:43,gure****
997,2021.09.23 11:02,wngu****
998,2021.09.23 10:47,syub****
999,2021.09.23 10:03,park****
1000,2021.09.22 21:21,bint****
1001,2021.09.20 23:44,gsw4****
1002,2021.09.18 20:54,nuri****
1003,2021.09.18 00:46,limh****
1004,2021.09.17 17:29,desk****
1005,2021.09.17 16:13,desk****
1006,2021.09.17 14:31,hyun****
1007,2021.09.17 14:30,sayk****
1008,2021.09.17 13:45,juhy****
1009,2021.09.17 12:54,yunf****
1010,2021.09.17 12:32,plm4****
1011,2021.09.17 11:12,desk****
1012,2021.09.17 10:54,yunf****
1013,2021.09.17 10:00,plm4****
1014,2021.09.17 09:10,dmlf****
1015,2021.09.16 17:04,hori****
1016,2021.09.16 16:33,elen****
1017,2021.09.16 11:57,loon****
1018,2021.09.16 11:38,leeh****
1019,2021.09.16 10:23,pong****
1020,2021.09.16 09:46,park****
1021,2021.09.16 10:14,hwan****
1022,2021.09.16 09:45,gsw4****
1023,2021.09.16 09:41,pong****
1024,2021.09.16 09:37,camp****
1025,2021.09.16 09:31,jang****
1026,2021.09.16 09:07,juhy****
1027,2021.09.15 23:57,pjh6****
1028,2021.09.15 23:20,ysut****
1029,2021.09.15 15:34,smfq****
1030,2021.09.15 14:19,desk****
1031,2021.09.15 13:49,conf****
1032,2021.09.15 12:12,elen****
1033,2021.09.15 11:02,yshe****
1034,2021.09.15 09:45,desk****
1035,2021.09.15 09:24,desk****
1036,2021.09.15 09:24,juhy****
1037,2021.09.15 09:19,shs0****
1038,2021.09.14 21:55,abfo****
1039,2021.09.14 15:48,desk****
1040,2021.09.14 11:54,s423****
1041,2021.09.14 09:29,astr****
1042,2021.09.14 07:10,oph9****
1043,2021.09.14 08:57,oph9****
1044,2021.09.14 06:41,hori****
1045,2021.09.13 20:21,yty6****
1046,2021.09.14 04:55,hwan****
1047,2021.09.13 20:21,ksu5****
1048,2021.09.13 18:37,juhy****
1049,2021.09.13 18:28,s423****
1050,2021.09.13 17:29,ghkd****
1051,2021.09.13 17:26,shs0****
1052,2021.09.13 16:37,hjch****
1053,2021.09.13 16:34,fiel****
1054,2021.09.13 16:19,sjh3****
1055,2021.09.13 14:47,xxxx****
1056,2021.09.13 14:42,kr12****
1057,2021.09.13 13:20,park****
1058,2021.09.13 13:17,gsw4****
1059,2021.09.13 10:48,aink****
1060,2021.09.13 09:26,shs0****
1061,2021.09.13 09:34,hwan****
1062,2021.09.13 00:04,gums****
1063,2021.09.10 23:31,gabo****
1064,2021.09.10 15:36,wjdd****
1065,2021.09.10 11:07,dudd****
1066,2021.09.10 10:26,desk****
1067,2021.09.10 10:09,desk****
1068,2021.09.10 09:15,park****
1069,2021.09.10 09:39,hwan****
1070,2021.09.10 08:56,desk****
1071,2021.09.10 07:22,desk****
1072,2021.09.10 06:21,oph9****
1073,2021.09.09 17:32,juhy****
1074,2021.09.09 16:17,asc6****
1075,2021.09.09 15:32,desk****
1076,2021.09.09 15:28,shho****
1077,2021.09.09 15:23,6895****
1078,2021.09.09 14:41,hgki****
1079,2021.09.09 14:21,desk****
1080,2021.09.09 13:39,park****
1081,2021.09.09 11:43,shal****
1082,2021.09.09 11:22,dong****
1083,2021.09.09 10:38,wjdd****
1084,2021.09.08 22:42,gsw4****
1085,2021.09.09 03:57,hwan****
1086,2021.09.08 16:42,s423****
1087,2021.09.08 16:37,desk****
1088,2021.09.08 16:42,hwan****
1089,2021.09.08 14:52,park****
1090,2021.09.08 13:58,oph9****
1091,2021.09.08 13:49,park****
1092,2021.09.08 13:09,desk****
1093,2021.09.08 11:17,kamh****
1094,2021.09.07 14:48,leej****
1095,2021.09.07 14:42,dana****
1096,2021.09.07 13:32,desk****
1097,2021.09.07 10:36,seng****
1098,2021.09.07 10:27,desk****
1099,2021.09.06 16:31,gsw4****
1100,2021.09.06 16:03,bhso****
1101,2021.09.06 15:52,news****
1102,2021.09.06 15:15,9292****
1103,2021.09.06 13:38,chae****
1104,2021.09.06 12:35,dlat****
1105,2021.09.06 09:23,tera****
1106,2021.09.06 09:32,hwan****
1107,2021.09.06 09:21,gsw4****
1108,2021.09.05 09:09,brig****
1109,2021.09.03 19:39,dltj****
1110,2021.09.03 19:07,dong****
1111,2021.09.03 16:33,chan****
1112,2021.09.03 18:34,hwan****
1113,2021.09.03 14:13,desk****
1114,2021.09.03 14:10,seng****
1115,2021.09.03 13:52,seng****
1116,2021.09.03 12:35,m310****
1117,2021.09.03 11:49,desk****
1118,2021.09.03 11:44,gsw4****
1119,2021.09.03 11:33,ho42****
1120,2021.09.03 11:32,yuna****
1121,2021.09.03 11:04,desk****
1122,2021.09.03 11:00,cndr****
1123,2021.09.02 23:18,juhy****
1124,2021.09.02 20:29,time****
1125,2021.09.02 16:04,desk****
1126,2021.09.02 15:37,sand****
1127,2021.09.02 15:24,mari****
1128,2021.09.02 15:23,asw4****
1129,2021.09.02 15:20,mari****
1130,2021.09.02 14:26,ilov****
1131,2021.09.02 13:34,brig****
1132,2021.09.02 12:45,gsw4****
1133,2021.09.02 12:43,kira****
1134,2021.09.02 10:08,ksrv****
1135,2021.09.02 09:43,bull****
1136,2021.09.02 09:36,hwan****
1137,2021.09.02 09:20,etch****
1138,2021.09.02 09:19,toto****
1139,2021.09.02 09:15,16wd****
1140,2021.09.02 09:14,oph9****
1141,2021.09.02 09:14,dudg****
1142,2021.09.02 09:11,mari****
1143,2021.09.01 23:49,hola****
1144,2021.09.01 21:37,noe2****
1145,2021.09.01 20:45,ho42****
1146,2021.09.01 14:41,desk****
1147,2021.09.01 13:14,shs0****
1148,2021.09.01 12:53,mari****
1149,2021.09.01 12:31,anyc****
1150,2021.09.01 12:30,time****
1151,2021.09.01 12:27,brea****
1152,2021.09.01 12:04,kyun****
1153,2021.09.01 11:24,tsha****
1154,2021.09.01 11:07,grea****
1155,2021.09.01 09:23,peop****
1156,2021.08.31 17:17,desk****
1157,2021.08.31 15:28,desk****
1158,2021.08.31 10:32,sand****
1159,2021.08.31 10:10,desk****
1160,2021.08.31 09:05,seoi****
1161,2021.08.30 19:01,hwan****
1162,2021.08.30 16:50,duan****
1163,2021.08.30 11:06,happ****
1164,2021.08.30 09:45,jcki****
1165,2021.08.30 07:00,hori****
1166,2021.08.29 08:24,time****
1167,2021.08.28 21:55,kbsh****
1168,2021.08.27 14:06,grea****
1169,2021.08.27 09:29,hkl0****
1170,2021.08.25 16:51,desk****
1171,2021.08.25 16:48,rlav****
1172,2021.08.25 11:28,elen****
1173,2021.08.24 14:56,mclw****
1174,2021.08.24 13:45,desk****
1175,2021.08.24 13:43,star****
1176,2021.08.24 09:45,hwan****
1177,2021.08.23 19:05,bint****
1178,2021.08.20 14:38,dlat****
1179,2021.08.20 10:37,plm4****
1180,2021.08.20 10:13,plm4****
1181,2021.08.20 02:54,oph9****
1182,2021.08.20 00:51,stri****
1183,2021.08.19 13:36,dltj****
1184,2021.08.19 10:21,elen****
1185,2021.08.19 10:19,desk****
1186,2021.08.19 09:41,plm4****
1187,2021.08.19 09:32,leej****
1188,2021.08.18 22:55,lmj2****
1189,2021.08.18 15:32,desk****
1190,2021.08.18 14:11,desk****
1191,2021.08.18 12:09,hh91****
1192,2021.08.18 07:04,5511****
1193,2021.08.17 14:56,wjdt****
1194,2021.08.16 11:39,bint****
1195,2021.08.13 13:19,aura****
1196,2021.08.13 13:04,ghdu****
1197,2021.08.12 17:08,elen****
1198,2021.08.13 09:12,wth0****
1199,2021.08.12 06:01,hori****
1200,2021.08.11 15:34,yuna****
1201,2021.08.11 14:39,grea****
1202,2021.08.11 11:51,desk****
1203,2021.08.11 10:54,wind****
1204,2021.08.11 10:36,tant****
1205,2021.08.11 09:48,desk****
1206,2021.08.10 16:29,news****
1207,2021.08.10 11:44,elen****
1208,2021.08.09 16:40,kill****
1209,2021.08.09 10:42,wind****
1210,2021.08.06 12:10,7jis****
1211,2021.08.06 09:39,hcju****
1212,2021.08.06 05:43,hori****
1213,2021.08.05 23:09,hori****
1214,2021.08.05 21:52,bint****
1215,2021.08.05 19:35,7jis****
1216,2021.08.05 15:20,kill****
1217,2021.08.05 14:45,dk04****
1218,2021.08.05 14:36,nhr0****
1219,2021.08.05 13:50,mknv****
1220,2021.08.05 13:10,brea****
1221,2021.08.05 10:27,nana****
1222,2021.08.05 09:43,khn0****
1223,2021.08.05 09:42,desk****
1224,2021.08.05 09:35,rink****
1225,2021.08.05 09:34,nle9****
1226,2021.08.05 09:14,mknv****
1227,2021.08.05 09:12,star****
1228,2021.08.05 08:06,wiza****
1229,2021.08.04 16:58,xxxx****
1230,2021.08.04 14:35,chae****
1231,2021.08.04 05:13,hori****
1232,2021.08.03 16:10,xxxx****
1233,2021.08.03 13:04,ghdu****
1234,2021.08.03 11:32,juhy****
1235,2021.08.03 16:38,hwan****
1236,2021.08.03 10:53,kyh9****
1237,2021.08.03 09:38,desk****
1238,2021.08.03 09:27,elen****
1239,2021.08.03 09:02,xxxx****
1240,2021.08.03 08:47,mknv****
1241,2021.08.02 15:03,juhy****
1242,2021.08.02 10:14,mknv****
1243,2021.08.02 09:56,xxxx****
1244,2021.08.02 09:37,mknv****
1245,2021.08.02 09:15,xxxx****
1246,2021.08.02 09:14,mknv****
1247,2021.08.02 09:11,xxxx****
1248,2021.08.02 08:51,xxxx****
1249,2021.08.01 21:51,lmj2****
1250,2021.07.31 01:36,izoa****
1251,2021.07.30 15:04,mknv****
1252,2021.07.30 14:56,juhy****
1253,2021.07.30 13:20,sand****
1254,2021.07.30 12:48,ioio****
1255,2021.07.30 10:14,xxxx****
1256,2021.07.30 09:49,juok****
1257,2021.07.30 16:41,juok****
1258,2021.07.30 09:39,xxxx****
1259,2021.07.30 09:34,conf****
1260,2021.07.30 09:02,nana****
1261,2021.07.30 08:24,juhy****
1262,2021.07.29 16:01,xxxx****
1263,2021.07.29 15:18,hhan****
1264,2021.07.29 14:22,knex****
1265,2021.07.29 10:46,xxxx****
1266,2021.07.29 10:44,desk****
1267,2021.07.29 10:11,tlsd****
1268,2021.07.29 08:27,econ****
1269,2021.07.28 18:41,xxxx****
1270,2021.07.28 16:03,desk****
1271,2021.07.28 14:20,desk****
1272,2021.07.28 13:34,pure****
1273,2021.07.28 13:05,help****
1274,2021.07.28 12:51,xxxx****
1275,2021.07.28 11:44,xxxx****
1276,2021.07.28 11:33,xxxx****
1277,2021.07.28 09:35,desk****
1278,2021.07.28 09:24,sky0****
1279,2021.07.27 11:51,xxxx****
1280,2021.07.27 07:35,hcju****
1281,2021.07.27 00:01,tata****
1282,2021.07.26 20:02,ksu5****
1283,2021.07.26 18:59,elen****
1284,2021.07.26 13:10,golk****
1285,2021.07.26 07:39,hcju****
1286,2021.07.25 21:20,bank****
1287,2021.07.24 10:16,hori****
1288,2021.07.23 19:04,xxxx****
1289,2021.07.23 17:53,mknv****
1290,2021.07.23 16:19,xxxx****
1291,2021.07.23 15:06,kr12****
1292,2021.07.23 14:56,xxxx****
1293,2021.07.23 14:48,desk****
1294,2021.07.23 14:05,desk****
1295,2021.07.23 19:30,ehob****
1296,2021.07.23 19:33,ehob****
1297,2021.07.23 13:54,beli****
1298,2021.07.23 12:50,elen****
1299,2021.07.23 11:54,xxxx****
1300,2021.07.23 11:39,desk****
1301,2021.07.23 11:38,xxxx****
1302,2021.07.23 10:41,xxxx****
1303,2021.07.23 10:38,zero****
1304,2021.07.23 10:24,conf****
1305,2021.07.23 09:39,xxxx****
1306,2021.07.23 08:35,hcju****
1307,2021.07.22 20:38,kang****
1308,2021.07.22 19:27,sds1****
1309,2021.07.22 18:33,kang****
1310,2021.07.22 14:18,juhy****
1311,2021.07.22 14:17,sisi****
1312,2021.07.22 13:16,ming****
1313,2021.07.22 12:27,dlsx****
1314,2021.07.21 23:43,feel****
1315,2021.07.21 20:54,mjh8****
1316,2021.07.21 17:02,chan****
1317,2021.07.21 12:37,rlar****
1318,2021.07.21 12:22,sisi****
1319,2021.07.21 11:15,juhy****
1320,2021.07.21 11:02,bnbn****
1321,2021.07.21 10:14,dips****
1322,2021.07.20 14:31,star****
1323,2021.07.20 12:56,luck****
1324,2021.07.20 09:11,sisi****
1325,2021.07.19 11:27,mknv****
1326,2021.07.19 09:52,star****
1327,2021.07.17 17:10,feh2****
1328,2021.07.17 15:08,sds1****
1329,2021.07.16 10:34,sisi****
1330,2021.07.16 09:43,sisi****
1331,2021.07.16 09:26,hcju****
1332,2021.07.15 14:44,sisi****
1333,2021.07.15 09:50,s423****
1334,2021.07.15 00:15,hcju****
1335,2021.07.14 09:05,sisi****
1336,2021.07.13 21:09,megg****
1337,2021.07.13 18:22,asw4****
1338,2021.07.13 14:55,wind****
1339,2021.07.13 12:01,nibb****
1340,2021.07.13 10:12,wind****
1341,2021.07.13 09:57,tlsd****
1342,2021.07.13 09:44,desk****
1343,2021.07.13 10:35,jian****
1344,2021.07.13 09:20,desk****
1345,2021.07.12 22:22,limh****
1346,2021.07.12 13:12,star****
1347,2021.07.12 12:58,sisi****
1348,2021.07.12 12:30,astr****
1349,2021.07.12 11:50,desk****
1350,2021.07.12 10:13,ohis****
1351,2021.07.11 22:07,yang****
1352,2021.07.11 11:39,knex****
1353,2021.07.09 13:48,jian****
1354,2021.07.09 23:54,hwan****
1355,2021.07.09 10:49,desk****
1356,2021.07.09 09:37,tkdg****
1357,2021.07.09 08:15,liko****
1358,2021.07.09 06:42,secu****
1359,2021.07.08 22:31,ghtj****
1360,2021.07.08 16:37,fire****
1361,2021.07.08 15:47,bhso****
1362,2021.07.08 15:32,desk****
1363,2021.07.08 14:53,star****
1364,2021.07.08 11:35,gami****
1365,2021.07.08 11:16,star****
1366,2021.07.08 09:44,tkdg****
1367,2021.07.07 14:14,desk****
1368,2021.07.07 12:16,sisi****
1369,2021.07.07 10:48,csy7****
1370,2021.07.07 10:33,tlsd****
1371,2021.07.07 10:28,desk****
1372,2021.07.07 10:14,camp****
1373,2021.07.07 09:58,hyun****
1374,2021.07.06 15:51,chae****
1375,2021.07.06 14:52,noe2****
1376,2021.07.06 14:06,chos****
1377,2021.07.06 13:53,pknu****
1378,2021.07.05 18:35,ljy5****
1379,2021.07.05 06:38,oph9****
1380,2021.07.04 21:17,khys****
1381,2021.07.03 12:40,to_o****
1382,2021.07.03 02:12,suoo****
1383,2021.07.02 22:05,hill****
1384,2021.07.02 13:18,chos****
1385,2021.07.02 11:34,nibb****
1386,2021.07.02 11:25,help****
1387,2021.07.01 22:21,bint****
1388,2021.07.02 12:22,chos****
1389,2021.07.01 08:45,chos****
1390,2021.07.01 08:42,yst5****
1391,2021.06.30 13:43,juhy****
1392,2021.06.30 13:36,wth0****
1393,2021.06.30 10:16,djss****
1394,2021.06.29 14:29,cs43****
1395,2021.06.29 14:19,cs43****
1396,2021.06.29 14:12,cs43****
1397,2021.06.29 12:53,cs43****
1398,2021.06.29 12:43,cs43****
1399,2021.06.29 10:28,desk****
1400,2021.06.28 18:22,umeo****
1401,2021.06.28 19:49,wth0****
1402,2021.06.28 16:41,just****
1403,2021.06.28 14:32,oph9****
1404,2021.06.28 13:21,juhy****
1405,2021.06.28 11:57,rkn5****
1406,2021.06.28 11:30,cs43****
1407,2021.06.28 11:26,cs43****
1408,2021.06.28 11:22,cs43****
1409,2021.06.28 08:52,just****
1410,2021.06.28 07:45,lms4****
1411,2021.06.27 22:51,jean****
1412,2021.06.27 22:48,drea****
1413,2021.06.27 19:13,tmdg****
1414,2021.06.26 17:52,leem****
1415,2021.06.26 07:06,answ****
1416,2021.06.25 15:42,just****
1417,2021.06.25 14:56,chan****
1418,2021.06.25 14:03,news****
1419,2021.06.25 12:02,koko****
1420,2021.06.25 11:57,conf****
1421,2021.06.25 11:21,lamf****
1422,2021.06.25 11:10,camp****
1423,2021.06.25 10:47,s_mi****
1424,2021.06.25 09:44,mean****
1425,2021.06.25 09:37,fiel****
1426,2021.06.25 00:23,s_mi****
1427,2021.06.24 19:24,chae****
1428,2021.06.24 17:53,desk****
1429,2021.06.24 16:54,70hs****
1430,2021.06.24 16:47,ekat****
1431,2021.06.24 16:38,fiel****
1432,2021.06.24 16:37,wngu****
1433,2021.06.24 19:42,sops****
1434,2021.06.24 16:19,pce2****
1435,2021.06.24 13:23,cs43****
1436,2021.06.24 13:12,cs43****
1437,2021.06.24 12:17,mean****
1438,2021.06.24 13:06,wngu****
1439,2021.06.24 09:29,mean****
1440,2021.06.23 18:29,cs43****
1441,2021.06.24 00:44,ljy5****
1442,2021.06.23 17:21,ljy5****
1443,2021.06.23 16:49,cs43****
1444,2021.06.23 16:42,cs43****
1445,2021.06.23 14:59,ralp****
1446,2021.06.23 11:01,mean****
1447,2021.06.23 09:38,jis1****
1448,2021.06.22 23:45,feel****
1449,2021.06.22 16:18,desk****
1450,2021.06.22 13:45,honi****
1451,2021.06.22 13:09,desk****
1452,2021.06.22 10:19,jame****
1453,2021.06.22 09:24,sisi****
1454,2021.06.21 17:53,wngu****
1455,2021.06.20 15:24,hill****
1456,2021.06.19 23:30,vege****
1457,2021.06.19 20:41,lycc****
1458,2021.06.18 23:47,lmj2****
1459,2021.06.18 15:51,mean****
1460,2021.06.18 15:43,okna****
1461,2021.06.18 14:53,chae****
1462,2021.06.18 13:33,pjel****
1463,2021.06.18 14:53,stan****
1464,2021.06.18 13:24,jeon****
1465,2021.06.18 10:54,fiel****
1466,2021.06.18 10:13,gods****
1467,2021.06.17 16:33,chjc****
1468,2021.06.17 15:25,komo****
1469,2021.06.17 15:12,komo****
1470,2021.06.17 14:22,dksw****
1471,2021.06.16 16:44,jis1****
1472,2021.06.16 14:59,blue****
1473,2021.06.16 14:27,jry1****
1474,2021.06.16 13:03,pjg6****
1475,2021.06.16 12:48,tlsd****
1476,2021.06.16 09:41,jry1****
1477,2021.06.16 09:35,leon****
1478,2021.06.16 08:32,paaa****
1479,2021.06.16 08:27,paaa****
1480,2021.06.15 20:05,plm4****
1481,2021.06.15 19:04,jind****
1482,2021.06.15 16:07,cns8****
1483,2021.06.15 14:18,fire****
1484,2021.06.15 14:03,help****
1485,2021.06.15 13:23,paaa****
1486,2021.06.15 12:36,jry1****
1487,2021.06.15 12:03,ksd5****
1488,2021.06.15 11:27,paaa****
1489,2021.06.15 10:58,elen****
1490,2021.06.15 10:36,dksw****
1491,2021.06.15 07:08,elen****
1492,2021.06.14 19:02,ansy****
1493,2021.06.14 15:36,funn****
1494,2021.06.14 15:22,paaa****
1495,2021.06.14 15:18,paaa****
1496,2021.06.14 14:04,wlfk****
1497,2021.06.14 11:53,jang****
1498,2021.06.14 14:01,jry1****
1499,2021.06.14 11:04,ghaf****
1500,2021.06.14 11:01,sdkp****
1501,2021.06.14 10:54,jry1****
1502,2021.06.14 10:52,wjja****
1503,2021.06.14 10:42,sisi****
1504,2021.06.14 10:33,ghaf****
1505,2021.06.14 10:32,a405****
1506,2021.06.14 10:29,plm4****
1507,2021.06.14 10:13,wbo2****
1508,2021.06.14 10:13,elen****
1509,2021.06.14 10:12,dksw****
1510,2021.06.14 09:32,news****
1511,2021.06.14 09:29,plm4****
1512,2021.06.14 09:21,elen****
1513,2021.06.14 09:16,paaa****
1514,2021.06.14 09:04,jis1****
1515,2021.06.14 08:29,paaa****
1516,2021.06.13 11:55,lini****
1517,2021.06.12 22:24,kwan****
1518,2021.06.12 07:08,jis1****
1519,2021.06.11 18:04,paaa****
1520,2021.06.11 16:42,paaa****
1521,2021.06.11 15:38,plm4****
1522,2021.06.11 15:31,ksd5****
1523,2021.06.11 15:11,jis1****
1524,2021.06.11 14:57,dksw****
1525,2021.06.11 14:40,zzan****
1526,2021.06.11 14:35,70hs****
1527,2021.06.11 14:17,yuna****
1528,2021.06.11 14:05,plm4****
1529,2021.06.11 14:03,mari****
1530,2021.06.11 13:52,dksw****
1531,2021.06.11 13:48,elen****
1532,2021.06.11 13:46,paaa****
1533,2021.06.11 13:35,plm4****
1534,2021.06.11 13:33,sisi****
1535,2021.06.11 12:18,ujum****
1536,2021.06.11 12:02,bint****
1537,2021.06.11 11:49,jis1****
1538,2021.06.11 11:31,blue****
1539,2021.06.11 11:19,dfg4****
1540,2021.06.11 10:38,sisi****
1541,2021.06.11 10:21,plm4****
1542,2021.06.11 09:56,elen****
1543,2021.06.11 09:47,plm4****
1544,2021.06.11 09:14,paaa****
1545,2021.06.10 14:29,dfg4****
1546,2021.06.10 14:07,dksw****
1547,2021.06.10 12:57,paaa****
1548,2021.06.10 12:29,paaa****
1549,2021.06.10 11:46,syou****
1550,2021.06.10 11:04,elen****
1551,2021.06.10 10:09,paaa****
1552,2021.06.10 10:06,sisi****
1553,2021.06.10 09:41,dksw****
1554,2021.06.10 00:47,lamf****
1555,2021.06.09 17:03,elen****
1556,2021.06.09 15:37,paaa****
1557,2021.06.09 14:59,cncl****
1558,2021.06.09 12:50,gsw4****
1559,2021.06.09 12:27,paaa****
1560,2021.06.09 11:02,elen****
1561,2021.06.09 10:12,leee****
1562,2021.06.08 16:48,juhy****
1563,2021.06.08 16:29,runn****
1564,2021.06.08 14:26,qkrd****
1565,2021.06.08 11:33,elen****
1566,2021.06.08 11:15,diad****
1567,2021.06.08 02:17,hong****
1568,2021.06.07 20:13,hank****
1569,2021.06.07 18:54,a147****
1570,2021.06.07 17:08,plm4****
1571,2021.06.07 16:25,ljy5****
1572,2021.06.07 14:59,ljy5****
1573,2021.06.07 19:23,kang****
1574,2021.06.07 14:13,elen****
1575,2021.06.07 13:37,blue****
1576,2021.06.07 13:25,dfg4****
1577,2021.06.07 13:22,ljy5****
1578,2021.06.07 11:08,paaa****
1579,2021.06.07 09:44,plm4****
1580,2021.06.07 09:13,elen****
1581,2021.06.04 16:37,song****
1582,2021.06.04 14:37,a147****
1583,2021.06.04 13:20,elen****
1584,2021.06.04 10:19,ajja****
1585,2021.06.04 09:47,gksw****
1586,2021.06.04 09:20,tbrt****
1587,2021.06.04 09:06,elen****
1588,2021.06.04 08:08,sjpl****
1589,2021.06.03 20:07,plm4****
1590,2021.06.03 20:06,paaa****
1591,2021.06.03 13:17,elen****
1592,2021.06.03 12:38,chlw****
1593,2021.06.03 12:02,firs****
1594,2021.06.03 11:03,ghdu****
1595,2021.06.03 10:52,0011****
1596,2021.06.03 09:43,sisi****
1597,2021.06.03 09:30,elen****
1598,2021.06.02 19:36,jeon****
1599,2021.06.02 15:42,dksw****
1600,2021.06.02 14:33,very****
1601,2021.06.02 13:42,elen****
1602,2021.06.02 12:47,dong****
1603,2021.06.02 10:27,domy****
1604,2021.06.02 09:59,plm4****
1605,2021.06.02 09:54,powe****
1606,2021.06.01 23:41,suks****
1607,2021.06.01 22:55,chlr****
1608,2021.06.01 20:37,jblo****
1609,2021.06.01 13:39,juhy****
1610,2021.06.01 12:48,sisi****
1611,2021.06.01 12:41,lim0****
1612,2021.06.01 11:31,elen****
1613,2021.06.01 11:30,macb****
1614,2021.06.01 11:14,jih6****
1615,2021.06.01 07:30,ljy5****
1616,2021.05.31 17:08,isin****
1617,2021.05.31 22:36,joen****
1618,2021.05.31 14:59,elen****
1619,2021.05.31 12:58,wngu****
1620,2021.05.31 07:04,rich****
1621,2021.05.31 08:42,ljy5****
1622,2021.05.30 20:11,yth0****
1623,2021.05.30 19:02,rich****
1624,2021.05.30 06:43,jute****
1625,2021.05.29 10:01,audt****
1626,2021.05.29 00:14,tigg****
1627,2021.05.28 19:30,cji4****
1628,2021.05.28 17:55,elen****
1629,2021.05.28 15:34,news****
1630,2021.05.28 15:26,juhy****
1631,2021.05.28 15:19,sisi****
1632,2021.05.28 15:11,elen****
1633,2021.05.28 15:04,dksw****
1634,2021.05.28 12:43,imma****
1635,2021.05.28 12:24,kimj****
1636,2021.05.28 11:57,dong****
1637,2021.05.28 10:09,dksw****
1638,2021.05.27 16:31,wngu****
1639,2021.05.27 16:00,kkw1****
1640,2021.05.27 12:41,hyun****
1641,2021.05.27 12:02,ljy5****
1642,2021.05.27 11:32,juhy****
1643,2021.05.27 10:16,rink****
1644,2021.05.27 09:19,anpa****
1645,2021.05.26 17:06,cji4****
1646,2021.05.26 15:34,hell****
1647,2021.05.26 15:27,elen****
1648,2021.05.26 14:48,joun****
1649,2021.05.26 14:07,knc0****
1650,2021.05.26 13:19,help****
1651,2021.05.26 12:38,rchs****
1652,2021.05.26 10:10,ohwi****
1653,2021.05.26 04:26,ksk2****
1654,2021.05.26 00:25,78li****
1655,2021.05.25 19:55,ohse****
1656,2021.05.25 16:55,sayn****
1657,2021.05.25 15:55,chan****
1658,2021.05.25 15:01,ghdu****
1659,2021.05.25 14:34,ysut****
1660,2021.05.25 14:27,plm4****
1661,2021.05.25 13:03,sisi****
1662,2021.05.25 11:54,ackv****
1663,2021.05.25 11:04,ymax****
1664,2021.05.25 02:10,ksk2****
1665,2021.05.25 01:08,blac****
1666,2021.05.24 22:09,macb****
1667,2021.05.24 16:57,joso****
1668,2021.05.24 16:07,sayn****
1669,2021.05.24 15:18,wngu****
1670,2021.05.24 15:00,wngu****
1671,2021.05.24 14:51,knc0****
1672,2021.05.24 14:48,knc0****
1673,2021.05.24 14:32,csy7****
1674,2021.05.24 13:54,wjdy****
1675,2021.05.24 13:43,sayn****
1676,2021.05.24 13:40,sisi****
1677,2021.05.24 13:35,firs****
1678,2021.05.24 13:31,kcbj****
1679,2021.05.24 13:30,wngu****
1680,2021.05.24 13:28,kcbj****
1681,2021.05.24 12:57,elen****
1682,2021.05.24 12:57,sisi****
1683,2021.05.24 12:57,gran****
1684,2021.05.24 12:56,macb****
1685,2021.05.24 12:49,sayn****
1686,2021.05.24 12:40,dong****
1687,2021.05.24 12:36,haei****
1688,2021.05.24 12:35,firs****
1689,2021.05.24 12:28,ljy9****
1690,2021.05.24 11:46,firs****
1691,2021.05.24 11:20,knc0****
1692,2021.05.24 11:19,help****
1693,2021.05.24 10:54,firs****
1694,2021.05.24 10:37,ming****
1695,2021.05.24 10:21,cm31****
1696,2021.05.24 10:19,star****
1697,2021.05.24 10:14,jyhe****
1698,2021.05.24 10:10,ljy9****
1699,2021.05.24 09:55,leon****
1700,2021.05.24 09:48,fore****
1701,2021.05.24 09:39,dmlf****
1702,2021.05.23 19:25,dlqu****
1703,2021.05.23 18:45,macb****
1704,2021.05.23 12:42,son0****
1705,2021.05.22 21:49,koda****
1706,2021.05.22 13:53,cksg****
1707,2021.05.22 14:00,1011****
1708,2021.05.22 11:58,hoan****
1709,2021.05.22 10:59,ljy9****
1710,2021.05.22 09:17,dcba****
1711,2021.05.22 11:00,ljy5****
1712,2021.05.21 21:11,yang****
1713,2021.05.21 16:24,gkru****
1714,2021.05.21 15:50,desk****
1715,2021.05.21 15:49,suhw****
1716,2021.05.21 15:39,plm4****
1717,2021.05.21 15:32,whet****
1718,2021.05.21 14:58,ming****
1719,2021.05.21 15:33,army****
1720,2021.05.21 14:26,acti****
1721,2021.05.21 13:30,pjh4****
1722,2021.05.21 12:52,dong****
1723,2021.05.21 11:36,ljy9****
1724,2021.05.21 10:33,fore****
1725,2021.05.21 09:44,firs****
1726,2021.05.21 09:44,luck****
1727,2021.05.21 09:27,answ****
1728,2021.05.21 08:35,kcbj****
1729,2021.05.21 08:19,mane****
1730,2021.05.21 07:31,kdk3****
1731,2021.05.21 02:09,keni****
1732,2021.05.21 00:56,a661****
1733,2021.05.20 23:12,ksk2****
1734,2021.05.20 22:39,hkse****
1735,2021.05.20 22:06,kcbj****
1736,2021.05.20 21:40,mini****
1737,2021.05.20 19:06,ohse****
1738,2021.05.20 18:23,elen****
1739,2021.05.20 18:05,gall****
1740,2021.05.20 17:43,dhks****
1741,2021.05.20 16:44,0169****
1742,2021.05.20 16:28,juhy****
1743,2021.05.20 13:47,mane****
1744,2021.05.20 13:41,plm4****
1745,2021.05.20 13:39,hkse****
1746,2021.05.20 13:24,elen****
1747,2021.05.20 13:13,snql****
1748,2021.05.20 13:04,jis1****
1749,2021.05.20 12:58,gsw4****
1750,2021.05.20 12:34,hska****
1751,2021.05.20 12:26,ksk2****
1752,2021.05.20 12:01,ohse****
1753,2021.05.20 11:46,ming****
1754,2021.05.20 11:43,plm4****
1755,2021.05.20 11:42,hska****
1756,2021.05.20 11:34,elen****
1757,2021.05.20 11:25,mari****
1758,2021.05.20 11:25,st48****
1759,2021.05.20 11:14,plm4****
1760,2021.05.20 10:56,mean****
1761,2021.05.20 10:31,to_o****
1762,2021.05.20 10:06,plm4****
1763,2021.05.20 09:51,xpaa****
1764,2021.05.20 09:36,jaju****
1765,2021.05.20 09:35,haei****
1766,2021.05.20 09:27,ksm_****
1767,2021.05.20 09:05,sisi****
1768,2021.05.20 06:44,gsw4****
1769,2021.05.20 06:38,gsw4****
1770,2021.05.20 06:34,gsw4****
1771,2021.05.19 23:27,sjj7****
1772,2021.05.19 21:45,gsw4****
1773,2021.05.19 21:11,dlqu****
1774,2021.05.19 19:27,kcbj****
1775,2021.05.19 19:19,kcbj****
1776,2021.05.19 17:40,zksd****
1777,2021.05.19 16:45,gsw4****
1778,2021.05.19 15:11,kcbj****
1779,2021.05.19 15:07,taks****
1780,2021.05.19 14:47,kcbj****
1781,2021.05.19 14:38,kcbj****
1782,2021.05.19 14:21,kcbj****
1783,2021.05.19 12:52,pyod****
1784,2021.05.19 12:29,plm4****
1785,2021.05.19 12:03,jain****
1786,2021.05.19 10:34,kad7****
1787,2021.05.19 10:26,hsck****
1788,2021.05.19 10:04,anpa****
1789,2021.05.19 09:51,coni****
1790,2021.05.19 07:48,kcbj****
1791,2021.05.19 07:41,kcbj****
1792,2021.05.19 00:34,taks****
1793,2021.05.18 22:34,free****
1794,2021.05.18 22:25,bint****
1795,2021.05.18 20:58,jth9****
1796,2021.05.18 20:56,kcbj****
1797,2021.05.18 19:22,kcbj****
1798,2021.05.18 17:43,xpaa****
1799,2021.05.18 17:35,hjho****
1800,2021.05.18 17:28,wkda****
1801,2021.05.18 17:25,kcbj****
1802,2021.05.18 17:17,wkda****
1803,2021.05.18 16:58,wkda****
1804,2021.05.18 16:52,wkda****
1805,2021.05.18 16:50,wcgo****
1806,2021.05.18 16:35,polo****
1807,2021.05.18 16:31,ming****
1808,2021.05.18 16:19,wonw****
1809,2021.05.18 15:59,huib****
1810,2021.05.18 15:57,dldh****
1811,2021.05.18 15:51,plus****
1812,2021.05.18 15:49,dldh****
1813,2021.05.18 15:49,mega****
1814,2021.05.18 15:36,gami****
1815,2021.05.18 15:25,sayn****
1816,2021.05.18 15:21,ckn7****
1817,2021.05.18 15:20,gkru****
1818,2021.05.18 15:06,dldh****
1819,2021.05.18 14:58,hjho****
1820,2021.05.18 14:52,dldh****
1821,2021.05.18 14:42,love****
1822,2021.05.18 14:35,sisi****
1823,2021.05.18 14:34,ljy9****
1824,2021.05.18 14:33,st48****
1825,2021.05.18 14:31,dldh****
1826,2021.05.18 14:29,knc0****
1827,2021.05.18 14:26,blac****
1828,2021.05.18 14:21,hjho****
1829,2021.05.18 14:15,hjho****
1830,2021.05.18 14:13,elen****
1831,2021.05.18 14:03,sisi****
1832,2021.05.18 13:31,cji4****
1833,2021.05.18 13:29,joen****
1834,2021.05.18 13:09,chul****
1835,2021.05.18 12:57,dart****
1836,2021.05.18 12:43,dbsg****
1837,2021.05.18 12:37,pred****
1838,2021.05.18 12:28,zxrn****
1839,2021.05.18 12:02,dldh****
1840,2021.05.18 11:50,dbsg****
1841,2021.05.18 11:43,cjoo****
1842,2021.05.18 11:35,dldh****
1843,2021.05.18 11:33,gha1****
1844,2021.05.18 11:30,dldh****
1845,2021.05.18 11:29,firs****
1846,2021.05.18 11:25,cond****
1847,2021.05.18 11:13,cji4****
1848,2021.05.18 11:12,sisi****
1849,2021.05.18 11:06,yoha****
1850,2021.05.18 11:06,ghaf****
1851,2021.05.18 11:04,dldh****
1852,2021.05.18 11:00,ksd5****
1853,2021.05.18 10:56,ghaf****
1854,2021.05.18 10:34,pamt****
1855,2021.05.18 10:33,hkse****
1856,2021.05.18 10:33,anor****
1857,2021.05.18 10:18,jis1****
1858,2021.05.18 10:16,hyun****
1859,2021.05.18 10:05,eogn****
1860,2021.05.18 09:59,firs****
1861,2021.05.18 09:55,macb****
1862,2021.05.18 09:44,gran****
1863,2021.05.18 09:43,knex****
1864,2021.05.18 09:38,jsok****
1865,2021.05.18 09:36,japa****
1866,2021.05.18 09:28,sisi****
1867,2021.05.18 09:20,sjdm****
1868,2021.05.18 09:20,hkse****
1869,2021.05.18 09:19,this****
1870,2021.05.18 09:14,solo****
1871,2021.05.18 09:07,fay1****
1872,2021.05.18 09:05,bjib****
1873,2021.05.18 09:04,jyn2****
1874,2021.05.18 08:58,tera****
1875,2021.05.18 08:47,bong****
1876,2021.05.18 08:43,mine****
1877,2021.05.18 08:42,macb****
1878,2021.05.18 08:42,jis1****
1879,2021.05.18 08:40,mylj****
1880,2021.05.18 08:25,temi****
1881,2021.05.18 08:25,mcdo****
1882,2021.05.18 08:23,lldd****
1883,2021.05.18 08:17,awag****
1884,2021.05.18 08:17,ckn7****
1885,2021.05.18 08:15,l016****
1886,2021.05.18 07:54,paaa****
1887,2021.05.18 07:37,a661****
1888,2021.05.18 07:03,elen****
1889,2021.05.18 06:49,mero****
1890,2021.05.18 06:45,whdv****
1891,2021.05.18 06:33,hkse****
1892,2021.05.18 06:15,l016****
1893,2021.05.18 04:51,jb15****
1894,2021.05.18 03:04,l016****
1895,2021.05.18 02:59,baes****
1896,2021.05.18 02:38,lado****
1897,2021.05.18 02:35,lado****
1898,2021.05.18 00:59,whdv****
1899,2021.05.18 00:50,daid****
1900,2021.05.18 00:25,hmp9****
1901,2021.05.18 00:07,gsw4****
1902,2021.05.17 23:53,lhs4****
1903,2021.05.17 23:50,hime****
1904,2021.05.17 23:25,dldh****
1905,2021.05.17 23:27,dldh****
1906,2021.05.18 08:38,hyhy****
1907,2021.05.17 23:24,whit****
1908,2021.05.17 22:53,ksm_****
1909,2021.05.17 22:50,ksm_****
1910,2021.05.17 22:32,bask****
1911,2021.05.17 22:30,ksm_****
1912,2021.05.17 22:26,brig****
1913,2021.05.17 22:23,jins****
1914,2021.05.17 22:18,duta****
1915,2021.05.17 22:12,jun7****
1916,2021.05.17 22:09,hkse****
1917,2021.05.17 21:58,dong****
1918,2021.05.17 21:54,aloh****
1919,2021.05.17 21:48,eros****
1920,2021.05.17 21:41,hoan****
1921,2021.05.17 21:37,netp****
1922,2021.05.17 21:35,gist****
1923,2021.05.17 21:28,chop****
1924,2021.05.17 21:25,guns****
1925,2021.05.17 21:20,ally****
1926,2021.05.17 21:15,pjh4****
1927,2021.05.17 21:14,yhju****
1928,2021.05.17 21:01,jizo****
1929,2021.05.17 20:52,gsw4****
1930,2021.05.17 20:33,jyhe****
1931,2021.05.17 20:29,hoan****
1932,2021.05.17 20:28,yy57****
1933,2021.05.17 20:22,yy57****
1934,2021.05.17 20:21,aloh****
1935,2021.05.17 20:18,firs****
1936,2021.05.17 20:08,kad7****
1937,2021.05.17 20:07,st48****
1938,2021.05.17 20:07,wall****
1939,2021.05.17 20:04,elen****
1940,2021.05.17 20:04,hoan****
1941,2021.05.17 19:33,plm4****
1942,2021.05.17 19:23,hoan****
1943,2021.05.17 19:22,sook****
1944,2021.05.17 19:19,firs****
1945,2021.05.17 20:03,mylc****
1946,2021.05.17 19:18,2mgl****
1947,2021.05.17 19:18,whdv****
1948,2021.05.17 19:06,y460****
1949,2021.05.17 19:04,ckn7****
1950,2021.05.17 18:58,bint****
1951,2021.05.17 18:57,1282****
1952,2021.05.17 18:55,fay1****
1953,2021.05.17 18:55,ckn7****
1954,2021.05.17 20:49,step****
1955,2021.05.17 18:52,87ls****
1956,2021.05.17 18:45,paaa****
1957,2021.05.17 18:44,lgh1****
1958,2021.05.17 18:42,ghaf****
1959,2021.05.17 18:35,k002****
1960,2021.05.17 18:27,mean****
1961,2021.05.17 18:25,son0****
1962,2021.05.17 18:24,sisi****
1963,2021.05.17 18:19,expl****
1964,2021.05.17 18:18,pj56****
1965,2021.05.17 18:58,seam****
1966,2021.05.17 18:17,dana****
1967,2021.05.17 18:16,tjds****
1968,2021.05.17 18:06,jyn2****
1969,2021.05.17 17:54,jagr****
1970,2021.05.17 17:45,6895****
1971,2021.05.17 17:38,bjib****
1972,2021.05.17 17:35,remi****
1973,2021.05.17 17:24,xing****
1974,2021.05.17 17:21,iacn****
1975,2021.05.17 17:19,lhj9****
1976,2021.05.17 17:19,hwal****
1977,2021.05.17 17:02,ghaf****
1978,2021.05.17 16:57,anor****
1979,2021.05.17 16:56,haei****
1980,2021.05.17 16:59,lmh5****
1981,2021.05.17 17:12,1282****
1982,2021.05.17 16:55,leek****
1983,2021.05.17 16:51,sisi****
1984,2021.05.17 16:50,tkdk****
1985,2021.05.17 16:47,amor****
1986,2021.05.17 16:45,dldh****
1987,2021.05.17 16:43,1282****
1988,2021.05.17 16:35,rome****
1989,2021.05.17 16:34,acti****
1990,2021.05.17 16:33,aaup****
1991,2021.05.17 16:31,firs****
1992,2021.05.17 16:27,6895****
1993,2021.05.17 16:25,polo****
1994,2021.05.17 16:10,late****
1995,2021.05.17 16:09,rok1****
1996,2021.05.17 16:08,hanc****
1997,2021.05.17 16:08,fore****
1998,2021.05.17 16:02,answ****
1999,2021.05.17 16:02,sisi****
2000,2021.05.17 16:02,type****
2001,2021.05.17 16:00,paaa****
2002,2021.05.17 16:00,js06****
2003,2021.05.17 15:56,jyn2****
2004,2021.05.17 15:55,lldd****
2005,2021.05.17 15:54,yang****
2006,2021.05.17 15:54,cncl****
2007,2021.05.17 15:51,jyn2****
2008,2021.05.17 15:50,1282****
2009,2021.05.17 15:49,hanc****
2010,2021.05.17 15:48,dbsw****
2011,2021.05.17 15:47,glay****
2012,2021.05.17 15:44,paaa****
2013,2021.05.17 15:42,iceb****
2014,2021.05.17 15:41,be_c****
2015,2021.05.17 15:41,mrju****
2016,2021.05.17 15:40,cjoo****
2017,2021.05.17 15:40,dldh****
2018,2021.05.17 15:39,fay1****
2019,2021.05.17 15:37,1282****
2020,2021.05.17 15:35,sisi****
2021,2021.05.17 15:31,paaa****
2022,2021.05.17 15:29,whdv****
2023,2021.05.17 15:40,hyun****
2024,2021.05.17 15:29,blue****
2025,2021.05.17 15:26,blue****
2026,2021.05.17 15:25,hanc****
2027,2021.05.17 15:25,gaea****
2028,2021.05.17 15:25,elen****
2029,2021.05.17 15:20,cjoo****
2030,2021.05.17 15:19,blue****
2031,2021.05.17 15:17,offr****
2032,2021.05.17 15:15,dldh****
2033,2021.05.17 15:14,be_c****
2034,2021.05.17 15:12,jsok****
2035,2021.05.17 15:12,ansd****
2036,2021.05.17 15:11,rude****
2037,2021.05.17 15:10,jsok****
2038,2021.05.17 15:10,answ****
2039,2021.05.17 15:07,mari****
2040,2021.05.17 15:05,sisi****
2041,2021.05.17 15:02,mini****
2042,2021.05.17 15:02,cjoo****
2043,2021.05.17 15:01,paaa****
2044,2021.05.17 15:01,dbsg****
2045,2021.05.17 15:01,tool****
2046,2021.05.17 14:59,xing****
2047,2021.05.17 14:59,flya****
2048,2021.05.17 14:56,hska****
2049,2021.05.17 14:54,mean****
2050,2021.05.17 14:53,chop****
2051,2021.05.17 14:52,sseg****
2052,2021.05.17 14:52,pch1****
2053,2021.05.17 14:50,kang****
2054,2021.05.17 14:49,ohwi****
2055,2021.05.17 14:48,mean****
2056,2021.05.17 14:43,unkn****
2057,2021.05.17 14:41,jsok****
2058,2021.05.17 14:40,secr****
2059,2021.05.17 14:40,hanc****
2060,2021.05.17 14:39,dbsw****
2061,2021.05.17 14:38,dldh****
2062,2021.05.17 14:37,gudr****
2063,2021.05.17 14:30,hana****
2064,2021.05.17 14:29,0304****
2065,2021.05.17 14:28,kjm8****
2066,2021.05.17 14:27,kt01****
2067,2021.05.17 14:27,dldh****
2068,2021.05.17 14:26,dbsg****
2069,2021.05.17 14:25,tlsq****
2070,2021.05.17 14:25,mark****
2071,2021.05.17 14:22,fing****
2072,2021.05.17 14:20,hkba****
2073,2021.05.17 14:17,nsj0****
2074,2021.05.17 14:13,this****
2075,2021.05.17 14:12,bkm8****
2076,2021.05.17 14:12,fire****
2077,2021.05.17 14:09,mrju****
2078,2021.05.17 14:08,cfdm****
2079,2021.05.17 14:06,qwes****
2080,2021.05.17 14:05,6895****
2081,2021.05.17 14:03,ksm_****
2082,2021.05.17 14:03,achy****
2083,2021.05.17 14:01,xorm****
2084,2021.05.17 14:01,cond****
2085,2021.05.17 13:59,taks****
2086,2021.05.17 13:59,gami****
2087,2021.05.17 13:57,hska****
2088,2021.05.17 13:57,izoa****
2089,2021.05.17 13:52,hkse****
2090,2021.05.17 13:50,bkm8****
2091,2021.05.17 13:51,hwan****
2092,2021.05.17 13:50,jyn2****
2093,2021.05.17 13:49,hkse****
2094,2021.05.17 13:49,naut****
2095,2021.05.17 13:49,polo****
2096,2021.05.17 13:48,ghaf****
2097,2021.05.17 13:46,acti****
2098,2021.05.17 13:45,jgun****
2099,2021.05.17 13:44,hyun****
2100,2021.05.17 13:44,whdw****
2101,2021.05.17 13:44,ghaf****
2102,2021.05.17 13:44,hwan****
2103,2021.05.17 13:42,hkse****
2104,2021.05.17 13:42,baer****
2105,2021.05.17 13:42,epur****
2106,2021.05.17 13:39,k002****
2107,2021.05.17 13:41,hwan****
2108,2021.05.17 13:38,pong****
2109,2021.05.17 13:38,news****
2110,2021.05.17 13:37,hjho****
2111,2021.05.17 13:35,wjdg****
2112,2021.05.17 13:33,dbsg****
2113,2021.05.17 13:32,mari****
2114,2021.05.17 13:32,tkak****
2115,2021.05.17 13:31,chzl****
2116,2021.05.17 13:28,chan****
2117,2021.05.17 13:28,gkgk****
2118,2021.05.17 13:27,bogo****
2119,2021.05.17 13:26,chzl****
2120,2021.05.17 13:26,polo****
2121,2021.05.17 13:23,6895****
2122,2021.05.17 13:20,jih6****
2123,2021.05.17 13:20,6895****
2124,2021.05.17 13:19,snuf****
2125,2021.05.17 13:19,dobe****
2126,2021.05.17 13:18,sisi****
2127,2021.05.17 13:17,true****
2128,2021.05.17 13:16,mylj****
2129,2021.05.17 13:15,0120****
2130,2021.05.17 13:15,gold****
2131,2021.05.17 13:14,dnwl****
2132,2021.05.17 13:14,unct****
2133,2021.05.17 13:14,6895****
2134,2021.05.17 13:12,anor****
2135,2021.05.17 13:10,y484****
2136,2021.05.17 13:09,fant****
2137,2021.05.17 13:07,habs****
2138,2021.05.17 13:06,gguy****
2139,2021.05.17 13:06,dbsg****
2140,2021.05.17 13:04,p637****
2141,2021.05.17 13:02,unct****
2142,2021.05.17 13:02,paaa****
2143,2021.05.17 13:01,dbsg****
2144,2021.05.17 13:00,6895****
2145,2021.05.17 12:58,elen****
2146,2021.05.17 12:57,dbsg****
2147,2021.05.17 12:40,yari****
2148,2021.05.17 12:37,sjle****
2149,2021.05.17 12:34,mean****
2150,2021.05.17 12:34,mini****
2151,2021.05.17 12:34,6895****
2152,2021.05.17 12:33,pamt****
2153,2021.05.17 12:29,hanc****
2154,2021.05.17 12:25,mari****
2155,2021.05.17 12:22,plm4****
2156,2021.05.17 12:21,wngu****
2157,2021.05.17 12:19,wngu****
2158,2021.05.17 12:18,hanc****
2159,2021.05.17 12:14,sisi****
2160,2021.05.17 12:14,cuec****
2161,2021.05.17 12:01,sjpa****
2162,2021.05.17 11:59,chro****
2163,2021.05.17 11:59,hanc****
2164,2021.05.17 11:58,snuf****
2165,2021.05.17 11:56,ghaf****
2166,2021.05.17 11:56,mari****
2167,2021.05.17 11:41,qwer****
2168,2021.05.17 11:38,smpr****
2169,2021.05.17 11:37,dnwl****
2170,2021.05.17 11:36,dbsg****
2171,2021.05.17 11:36,mrju****
2172,2021.05.17 11:30,qwer****
2173,2021.05.17 11:29,wina****
2174,2021.05.17 11:24,yaho****
2175,2021.05.17 11:19,rjew****
2176,2021.05.17 11:15,com5****
2177,2021.05.17 11:15,ghaf****
2178,2021.05.17 11:11,hanc****
2179,2021.05.17 11:09,dldh****
2180,2021.05.17 11:15,achy****
2181,2021.05.17 11:04,wlfk****
2182,2021.05.17 11:03,elen****
2183,2021.05.17 11:01,mini****
2184,2021.05.17 10:59,sisi****
2185,2021.05.17 10:59,fing****
2186,2021.05.17 10:55,dldh****
2187,2021.05.17 10:55,cncl****
2188,2021.05.17 10:55,wlfk****
2189,2021.05.17 10:55,st48****
2190,2021.05.17 10:52,dbsg****
2191,2021.05.17 10:50,gami****
2192,2021.05.17 10:49,gsw4****
2193,2021.05.17 10:47,dbsg****
2194,2021.05.17 10:43,aloh****
2195,2021.05.17 10:42,cjy4****
2196,2021.05.17 10:40,izoa****
2197,2021.05.17 10:40,aaup****
2198,2021.05.17 10:32,drji****
2199,2021.05.17 10:40,aloh****
2200,2021.05.17 10:31,gami****
2201,2021.05.17 10:30,mark****
2202,2021.05.17 10:30,cond****
2203,2021.05.17 10:23,elen****
2204,2021.05.17 10:22,w741****
2205,2021.05.17 10:15,mean****
2206,2021.05.17 10:14,dldh****
2207,2021.05.17 10:14,dbsg****
2208,2021.05.17 10:06,japa****
2209,2021.05.17 10:01,rjew****
2210,2021.05.17 09:53,sisi****
2211,2021.05.17 09:50,acti****
2212,2021.05.17 09:47,polo****
2213,2021.05.17 09:44,jooi****
2214,2021.05.17 09:44,this****
2215,2021.05.17 09:43,rink****
2216,2021.05.17 09:42,lim0****
2217,2021.05.17 09:40,s_mi****
2218,2021.05.17 09:37,st48****
2219,2021.05.17 09:37,know****
2220,2021.05.17 09:36,ssoo****
2221,2021.05.17 09:36,lamf****
2222,2021.05.17 09:33,ksh6****
2223,2021.05.17 09:32,kayc****
2224,2021.05.17 09:32,hime****
2225,2021.05.17 09:29,bjib****
2226,2021.05.17 09:28,sook****
2227,2021.05.17 09:27,hkse****
2228,2021.05.17 09:25,mean****
2229,2021.05.17 09:23,mari****
2230,2021.05.17 09:18,mari****
2231,2021.05.17 09:18,ygk9****
2232,2021.05.17 09:17,chos****
2233,2021.05.17 09:17,qoqt****
2234,2021.05.17 09:16,nakm****
2235,2021.05.17 09:16,tjds****
2236,2021.05.17 09:13,alsr****
2237,2021.05.17 09:11,njks****
2238,2021.05.17 09:11,baga****
2239,2021.05.17 09:10,eagi****
2240,2021.05.17 09:09,tyb0****
2241,2021.05.17 09:08,sjpl****
2242,2021.05.17 08:59,cyj8****
2243,2021.05.16 22:30,like****
2244,2021.05.16 22:05,fwko****
2245,2021.05.16 17:00,cybe****
2246,2021.05.16 14:29,70hs****
2247,2021.05.16 00:11,john****
2248,2021.05.15 22:39,khan****
2249,2021.05.15 20:27,joo4****
2250,2021.05.15 20:12,wngu****
2251,2021.05.15 18:26,kidi****
2252,2021.05.15 17:12,brya****
2253,2021.05.15 09:31,sisi****
2254,2021.05.15 10:29,lldd****
2255,2021.05.15 09:16,late****
2256,2021.05.15 01:03,son0****
2257,2021.05.15 09:23,jaju****
2258,2021.05.15 00:36,elen****
2259,2021.05.14 21:37,tnel****
2260,2021.05.14 21:33,tnel****
2261,2021.05.14 21:10,wngu****
2262,2021.05.14 20:51,a661****
2263,2021.05.14 20:42,elen****
2264,2021.05.14 20:38,gsw4****
2265,2021.05.14 19:54,acti****
2266,2021.05.14 19:16,chan****
2267,2021.05.14 18:20,hy95****
2268,2021.05.14 18:18,elen****
2269,2021.05.14 18:01,ehs5****
2270,2021.05.14 17:59,elen****
2271,2021.05.14 17:56,hyun****
2272,2021.05.14 17:49,youn****
2273,2021.05.14 17:25,daba****
2274,2021.05.14 16:56,ksm_****
2275,2021.05.14 16:45,wngu****
2276,2021.05.14 15:40,bjib****
2277,2021.05.14 16:30,lldd****
2278,2021.05.14 15:10,cuec****
2279,2021.05.14 13:35,jh98****
2280,2021.05.14 05:31,wbo2****
2281,2021.05.13 17:28,hyun****
2282,2021.05.13 15:09,gsw4****
2283,2021.05.13 14:58,polo****
2284,2021.05.13 09:19,sisi****
2285,2021.05.13 08:29,sjvs****
2286,2021.05.13 07:20,bint****
2287,2021.05.12 21:35,yst5****
2288,2021.05.12 20:39,gnyh****
2289,2021.05.12 13:24,brea****
2290,2021.05.12 16:20,ljy5****
2291,2021.05.12 12:59,sisi****
2292,2021.05.12 10:36,dudc****
2293,2021.05.12 10:34,ne2b****
2294,2021.05.11 21:05,acti****
2295,2021.05.11 21:01,jtdi****
2296,2021.05.11 15:34,supe****
2297,2021.05.11 22:08,seam****
2298,2021.05.11 14:53,polo****
2299,2021.05.11 14:42,brea****
2300,2021.05.11 13:29,dizn****
2301,2021.05.11 13:06,taks****
2302,2021.05.11 09:48,dizn****
2303,2021.05.11 09:46,polo****
2304,2021.05.11 09:42,lldd****
2305,2021.05.11 09:30,ksm_****
2306,2021.05.11 04:31,son0****
2307,2021.05.11 03:53,son0****
2308,2021.05.10 23:04,gudw****
2309,2021.05.10 21:00,09wa****
2310,2021.05.10 16:14,chop****
2311,2021.05.10 16:08,xkeh****
2312,2021.05.10 14:56,unct****
2313,2021.05.10 14:42,yoha****
2314,2021.05.10 14:10,gaea****
2315,2021.05.10 13:26,sdhc****
2316,2021.05.10 12:25,wngu****
2317,2021.05.10 11:52,btsg****
2318,2021.05.10 10:07,ac_o****
2319,2021.05.10 09:55,alic****
2320,2021.05.10 09:42,unct****
2321,2021.05.10 09:37,lsj_****
2322,2021.05.10 09:31,brea****
2323,2021.05.10 09:13,tyb0****
2324,2021.05.10 09:11,elen****
2325,2021.05.08 19:22,kssa****
2326,2021.05.08 07:31,son0****
2327,2021.05.08 02:19,xotn****
2328,2021.05.07 09:03,unct****
2329,2021.05.07 08:38,pjh6****
2330,2021.05.07 06:26,ubig****
2331,2021.05.06 18:48,pbpn****
2332,2021.05.06 16:56,son0****
2333,2021.05.06 16:33,k002****
2334,2021.05.06 15:00,kayc****
2335,2021.05.06 14:58,youn****
2336,2021.05.06 14:57,chae****
2337,2021.05.06 14:51,skyp****
2338,2021.05.06 14:15,ksm_****
2339,2021.05.05 00:29,ghdu****
2340,2021.05.04 19:03,zero****
2341,2021.05.04 12:05,elen****
2342,2021.05.04 11:30,naja****
2343,2021.05.03 20:33,msho****
2344,2021.05.03 19:02,tjdv****
2345,2021.05.03 18:38,high****
2346,2021.05.03 16:59,jtdi****
2347,2021.05.03 16:13,dudc****
2348,2021.05.03 14:28,rnjs****
2349,2021.05.03 16:45,ljy5****
2350,2021.05.03 12:30,ohhw****
2351,2021.05.03 09:53,hji2****
2352,2021.05.03 09:28,elen****
2353,2021.05.02 23:55,zipo****
2354,2021.05.02 16:00,mpgr****
2355,2021.05.02 08:32,acti****
2356,2021.05.02 12:26,ohhw****
2357,2021.05.02 00:21,oph9****
2358,2021.05.01 23:43,yong****
2359,2021.05.01 13:37,acti****
2360,2021.04.30 18:41,elen****
2361,2021.04.30 16:30,lcw8****
2362,2021.04.30 16:10,ufom****
2363,2021.04.30 15:39,kkw1****
2364,2021.04.30 12:04,wofk****
2365,2021.04.30 09:55,btsg****
2366,2021.04.30 09:27,elen****
2367,2021.04.30 09:20,joso****
2368,2021.04.30 09:04,fing****
2369,2021.04.30 08:52,fing****
2370,2021.04.30 08:49,y909****
2371,2021.04.29 20:35,dfg1****
2372,2021.04.29 18:43,chae****
2373,2021.04.29 17:48,loki****
2374,2021.04.29 17:27,daba****
2375,2021.04.29 15:29,ksm_****
2376,2021.04.29 15:24,gmrr****
2377,2021.04.29 15:24,tang****
2378,2021.04.29 15:08,elen****
2379,2021.04.28 19:58,ohwo****
2380,2021.04.28 19:08,ohhw****
2381,2021.04.28 14:20,9870****
2382,2021.04.28 12:12,jyj2****
2383,2021.04.28 11:04,ohwo****
2384,2021.04.28 10:30,elen****
2385,2021.04.28 01:15,kwak****
2386,2021.04.27 22:42,liov****
2387,2021.04.27 22:10,ohwo****
2388,2021.04.27 21:02,sjpl****
2389,2021.04.27 18:21,ksm_****
2390,2021.04.27 16:19,woel****
2391,2021.04.27 13:29,kts5****
2392,2021.04.27 13:22,hyun****
2393,2021.04.27 11:31,fing****
2394,2021.04.27 11:15,hyun****
2395,2021.04.27 10:36,deny****
2396,2021.04.27 10:24,megy****
2397,2021.04.27 10:04,joso****
2398,2021.04.27 01:00,youn****
2399,2021.04.26 20:48,ohwo****
2400,2021.04.26 19:22,ohhw****
2401,2021.04.26 16:01,prol****
2402,2021.04.26 14:01,st48****
2403,2021.04.26 13:44,fing****
2404,2021.04.26 13:34,some****
2405,2021.04.26 12:27,suk7****
2406,2021.04.26 16:41,nlmb****
2407,2021.04.26 11:57,expl****
2408,2021.04.26 11:56,nigh****
2409,2021.04.26 10:35,unct****
2410,2021.04.26 09:53,dudg****
2411,2021.04.25 21:59,ohwo****
2412,2021.04.25 13:57,fing****
2413,2021.04.23 12:19,dake****
2414,2021.04.23 07:52,im73****
2415,2021.04.22 17:37,oph9****
2416,2021.04.23 20:46,jaju****
2417,2021.04.22 15:06,blue****
2418,2021.04.22 13:56,medi****
2419,2021.04.22 11:11,elen****
2420,2021.04.22 09:54,st48****
2421,2021.04.21 13:56,hyen****
2422,2021.04.21 10:21,hyun****
2423,2021.04.20 19:05,kmas****
2424,2021.04.20 17:56,iccp****
2425,2021.04.20 11:41,wjdd****
2426,2021.04.20 10:21,win2****
2427,2021.04.19 08:43,fing****
2428,2021.04.17 20:18,flyi****
2429,2021.04.17 17:32,ghdu****
2430,2021.04.17 13:59,cnc3****
2431,2021.04.16 19:49,gk05****
2432,2021.04.16 15:53,unct****
2433,2021.04.16 14:45,jaju****
2434,2021.04.16 13:46,koeu****
2435,2021.04.16 13:36,long****
2436,2021.04.16 12:39,jaju****
2437,2021.04.16 10:59,fing****
2438,2021.04.15 18:21,fing****
2439,2021.04.15 16:57,cnc3****
2440,2021.04.15 15:34,jb15****
2441,2021.04.15 15:12,hyun****
2442,2021.04.15 14:58,jyo2****
2443,2021.04.15 14:51,bobg****
2444,2021.04.15 10:46,acti****
2445,2021.04.15 08:04,hori****
2446,2021.04.14 15:54,kim0****
2447,2021.04.14 15:43,bobg****
2448,2021.04.14 10:08,fing****
2449,2021.04.13 22:19,lado****
2450,2021.04.14 09:20,elen****
2451,2021.04.13 12:00,dbsd****
2452,2021.04.13 08:19,kkdd****
2453,2021.04.12 21:16,flyi****
2454,2021.04.12 15:58,good****
2455,2021.04.12 18:40,elen****
2456,2021.04.12 13:32,elen****
2457,2021.04.12 12:01,high****
2458,2021.04.12 09:48,good****
2459,2021.04.09 22:51,aelh****
2460,2021.04.09 22:35,good****
2461,2021.04.09 14:13,youn****
2462,2021.04.09 13:40,rokm****
2463,2021.04.09 12:42,hj03****
2464,2021.04.09 10:54,lsw5****
2465,2021.04.13 21:18,hiby****
2466,2021.04.09 10:03,rlac****
2467,2021.04.09 08:09,kmas****
2468,2021.04.08 17:34,good****
2469,2021.04.08 12:15,wjja****
2470,2021.04.08 11:53,unct****
2471,2021.04.08 10:19,astr****
2472,2021.04.07 20:35,chlw****
2473,2021.04.07 16:27,good****
2474,2021.04.07 14:37,wjja****
2475,2021.04.07 14:13,elen****
2476,2021.04.07 14:10,ksm_****
2477,2021.04.07 13:27,chzl****
2478,2021.04.07 13:15,muda****
2479,2021.04.07 13:00,hyun****
2480,2021.04.07 12:58,newn****
2481,2021.04.07 11:55,dlrk****
2482,2021.04.07 11:48,nabi****
2483,2021.04.07 11:32,hyun****
2484,2021.04.07 11:18,koko****
2485,2021.04.07 11:13,osw0****
2486,2021.04.07 11:06,gaea****
2487,2021.04.07 11:04,pana****
2488,2021.04.07 11:03,rdh2****
2489,2021.04.07 10:59,good****
2490,2021.04.07 10:56,fkdl****
2491,2021.04.07 10:41,unct****
2492,2021.04.07 10:33,wpaa****
2493,2021.04.07 10:30,spar****
2494,2021.04.07 10:23,siia****
2495,2021.04.07 10:21,unct****
2496,2021.04.07 10:18,unct****
2497,2021.04.07 10:17,only****
2498,2021.04.07 10:16,ggal****
2499,2021.04.07 10:15,jung****
2500,2021.04.07 10:13,wryi****
2501,2021.04.07 10:11,kts5****
2502,2021.04.07 10:03,wpaa****
2503,2021.04.07 10:01,gmrr****
2504,2021.04.07 09:59,unct****
2505,2021.04.07 09:51,mari****
2506,2021.04.07 09:09,elen****
2507,2021.04.06 23:40,wrs1****
2508,2021.04.06 20:24,koko****
2509,2021.04.06 18:20,cnc3****
2510,2021.04.06 14:36,hyun****
2511,2021.04.06 13:39,koko****
2512,2021.04.06 13:12,t733****
2513,2021.04.06 13:09,jain****
2514,2021.04.06 12:34,youl****
2515,2021.04.06 11:36,jain****
2516,2021.04.06 11:04,late****
2517,2021.04.06 09:03,jis1****
2518,2021.04.05 23:30,lado****
2519,2021.04.05 17:48,lado****
2520,2021.04.05 13:38,ksm_****
2521,2021.04.05 09:53,9870****
2522,2021.04.05 09:16,mero****
2523,2021.04.04 21:49,lado****
2524,2021.04.04 11:51,rogu****
2525,2021.04.02 16:34,gsw4****
2526,2021.04.02 15:23,lado****
2527,2021.04.02 14:55,unct****
2528,2021.04.02 14:54,gusw****
2529,2021.04.02 14:51,gsw4****
2530,2021.04.02 13:44,tnfl****
2531,2021.04.02 12:37,vkeh****
2532,2021.04.02 12:28,fhwh****
2533,2021.04.02 12:23,lado****
2534,2021.04.02 10:44,honi****
2535,2021.04.02 09:21,fhwh****
2536,2021.04.02 09:14,news****
2537,2021.04.02 03:43,lado****
2538,2021.04.01 23:32,lado****
2539,2021.04.01 20:43,lado****
2540,2021.04.01 18:56,pkc0****
2541,2021.04.01 22:35,bamp****
2542,2021.04.01 16:25,pjh6****
2543,2021.04.01 15:46,wkw0****
2544,2021.04.01 13:58,ksm_****
2545,2021.04.01 10:47,ksm_****
2546,2021.04.01 10:46,ksm_****
2547,2021.04.01 10:22,only****
2548,2021.04.01 10:20,jaju****
2549,2021.04.01 09:40,a920****
2550,2021.04.01 09:37,wpaa****
2551,2021.04.01 08:54,unct****
2552,2021.04.01 08:54,wpaa****
2553,2021.04.01 00:09,lado****
2554,2021.03.31 22:52,limh****
2555,2021.03.31 22:44,yoha****
2556,2021.03.31 20:38,btsg****
2557,2021.03.31 20:29,haml****
2558,2021.03.31 20:14,jtdi****
2559,2021.03.31 18:51,cnc3****
2560,2021.03.31 16:26,jmla****
2561,2021.03.31 16:07,ksm_****
2562,2021.03.31 15:16,rodr****
2563,2021.03.31 14:13,bmy0****
2564,2021.03.31 14:48,gnyh****
2565,2021.03.31 13:50,asjl****
2566,2021.03.31 13:41,jh85****
2567,2021.03.31 13:30,medi****
2568,2021.03.31 13:18,honi****
2569,2021.03.31 13:14,rhot****
2570,2021.03.31 13:06,sexy****
2571,2021.03.31 12:32,jis1****
2572,2021.03.31 12:15,jink****
2573,2021.03.31 12:29,jis1****
2574,2021.03.31 12:15,real****
2575,2021.03.31 12:07,woos****
2576,2021.03.31 11:53,west****
2577,2021.03.31 11:52,wpaa****
2578,2021.03.31 12:02,den0****
2579,2021.03.31 11:48,road****
2580,2021.03.31 11:47,naya****
2581,2021.03.31 11:47,osw0****
2582,2021.03.31 11:42,mari****
2583,2021.03.31 11:40,mari****
2584,2021.03.31 11:38,kmas****
2585,2021.03.31 11:25,haml****
2586,2021.03.31 11:22,yoha****
2587,2021.03.31 11:09,mari****
2588,2021.03.31 11:03,only****
2589,2021.03.31 11:02,sjsy****
2590,2021.03.31 10:59,mym3****
2591,2021.03.31 10:46,tera****
2592,2021.03.31 10:45,honi****
2593,2021.03.31 10:43,brea****
2594,2021.03.31 10:30,nibb****
2595,2021.03.31 10:26,wkdq****
2596,2021.03.31 10:17,kmas****
2597,2021.03.31 10:29,kc01****
2598,2021.03.31 10:09,remi****
2599,2021.03.31 10:02,love****
2600,2021.03.31 09:58,sjsy****
2601,2021.03.31 09:44,ksm_****
2602,2021.03.31 09:40,dudg****
2603,2021.03.31 09:59,dund****
2604,2021.03.31 10:32,nibb****
2605,2021.03.31 09:25,fhwh****
2606,2021.03.31 09:20,ksm_****
2607,2021.03.31 09:10,ksm_****
2608,2021.03.31 09:01,yung****
2609,2021.03.31 08:49,vkeh****
2610,2021.03.31 07:25,unct****
2611,2021.03.31 07:13,shk1****
2612,2021.03.30 19:08,dbsx****
2613,2021.03.30 18:42,kmas****
2614,2021.03.30 17:04,kayc****
2615,2021.03.30 15:41,vkeh****
2616,2021.03.30 15:23,remi****
2617,2021.03.30 14:50,ksm_****
2618,2021.03.30 14:42,fhwh****
2619,2021.03.30 14:05,jcki****
2620,2021.03.30 12:34,only****
2621,2021.03.30 12:16,zmdk****
2622,2021.03.30 11:54,ksm_****
2623,2021.03.30 10:42,yung****
2624,2021.03.30 10:36,news****
2625,2021.03.30 08:48,jaju****
2626,2021.03.30 06:54,hiby****
2627,2021.03.29 22:26,chop****
2628,2021.03.29 16:55,aiii****
2629,2021.03.29 14:11,unct****
2630,2021.03.29 14:07,ksm_****
2631,2021.03.29 12:38,chlw****
2632,2021.03.29 11:23,gwga****
2633,2021.03.29 10:36,help****
2634,2021.03.29 10:07,gd87****
2635,2021.03.29 10:16,s734****
2636,2021.03.29 09:08,jong****
2637,2021.03.28 15:55,tpgn****
2638,2021.03.27 10:35,kim1****
2639,2021.03.26 23:50,lado****
2640,2021.03.26 21:42,kore****
2641,2021.03.26 20:46,daba****
2642,2021.03.26 19:40,dldm****
2643,2021.03.26 17:31,unct****
2644,2021.03.26 16:15,chlw****
2645,2021.03.26 15:45,only****
2646,2021.03.26 13:25,gd87****
2647,2021.03.26 12:22,only****
2648,2021.03.26 12:09,ksm_****
2649,2021.03.26 10:41,zmdk****
2650,2021.03.26 10:34,only****
2651,2021.03.26 09:36,fhwh****
2652,2021.03.26 08:54,elen****
2653,2021.03.25 22:55,rlad****
2654,2021.03.25 22:24,poss****
2655,2021.03.25 21:23,fhwh****
2656,2021.03.25 21:22,home****
2657,2021.03.25 21:00,whda****
2658,2021.03.25 20:43,neve****
2659,2021.03.25 20:23,simi****
2660,2021.03.25 20:10,tnfl****
2661,2021.03.25 19:43,unct****
2662,2021.03.25 19:41,home****
2663,2021.03.25 19:38,ghdh****
2664,2021.03.25 18:36,kinh****
2665,2021.03.25 16:56,simi****
2666,2021.03.25 16:28,wkda****
2667,2021.03.25 16:12,kayc****
2668,2021.03.25 15:44,ksm_****
2669,2021.03.25 15:49,w332****
2670,2021.03.25 15:25,chae****
2671,2021.03.25 14:58,unct****
2672,2021.03.25 11:46,xodz****
2673,2021.03.25 10:36,unct****
2674,2021.03.25 10:06,chlw****
2675,2021.03.25 09:55,unct****
2676,2021.03.25 09:40,rlal****
2677,2021.03.25 09:37,yhy1****
2678,2021.03.25 09:33,unct****
2679,2021.03.25 09:29,elen****
2680,2021.03.25 09:25,jis1****
2681,2021.03.25 09:18,rlal****
2682,2021.03.25 09:13,kop3****
2683,2021.03.25 08:38,rlal****
2684,2021.03.25 06:35,chlw****
2685,2021.03.24 21:52,daba****
2686,2021.03.24 20:44,flow****
2687,2021.03.24 19:02,bean****
2688,2021.03.24 17:16,jink****
2689,2021.03.24 17:07,jink****
2690,2021.03.24 17:02,acti****
2691,2021.03.24 15:58,remi****
2692,2021.03.24 15:39,unct****
2693,2021.03.24 15:35,unct****
2694,2021.03.24 15:29,jink****
2695,2021.03.24 15:21,unct****
2696,2021.03.24 15:19,athe****
2697,2021.03.24 15:17,kimo****
2698,2021.03.24 12:48,kayc****
2699,2021.03.24 12:35,jis1****
2700,2021.03.24 12:12,unct****
2701,2021.03.24 10:32,grt2****
2702,2021.03.24 10:12,nibb****
2703,2021.03.24 09:25,jis1****
2704,2021.03.24 09:10,elen****
2705,2021.03.24 09:01,wnsa****
2706,2021.03.24 08:58,rlal****
2707,2021.03.24 06:51,hime****
2708,2021.03.23 17:49,dack****
2709,2021.03.23 15:58,chae****
2710,2021.03.23 15:28,lado****
2711,2021.03.23 15:24,vkeh****
2712,2021.03.23 14:46,chlw****
2713,2021.03.23 14:45,vkeh****
2714,2021.03.23 14:26,mira****
2715,2021.03.23 13:52,unct****
2716,2021.03.23 11:35,help****
2717,2021.03.23 10:48,zacc****
2718,2021.03.23 11:50,dlgh****
2719,2021.03.23 10:15,dhrh****
2720,2021.03.23 02:41,lado****
2721,2021.03.22 22:56,lado****
2722,2021.03.22 22:25,daba****
2723,2021.03.22 21:43,ghdu****
2724,2021.03.22 19:06,chlw****
2725,2021.03.22 19:00,dlgh****
2726,2021.03.22 16:17,iccp****
2727,2021.03.22 15:53,rodr****
2728,2021.03.22 14:42,xodz****
2729,2021.03.22 13:35,pjh6****
2730,2021.03.22 13:17,nigh****
2731,2021.03.22 13:11,dudg****
2732,2021.03.22 13:11,dudg****
2733,2021.03.22 12:58,dlgh****
2734,2021.03.22 12:16,lado****
2735,2021.03.22 12:11,only****
2736,2021.03.22 10:36,ksm_****
2737,2021.03.22 10:27,unct****
2738,2021.03.22 10:25,elen****
2739,2021.03.22 10:13,poss****
2740,2021.03.22 10:06,zmdk****
2741,2021.03.22 09:44,xodz****
2742,2021.03.22 09:07,late****
2743,2021.03.22 09:02,mero****
2744,2021.03.22 08:39,xodz****
2745,2021.03.22 06:13,shk1****
2746,2021.03.21 19:21,ming****
2747,2021.03.21 19:05,poss****
2748,2021.03.21 18:36,dlgh****
2749,2021.03.21 17:17,acti****
2750,2021.03.21 17:15,skek****
2751,2021.03.21 15:20,only****
2752,2021.03.21 00:46,lado****
2753,2021.03.20 20:57,lado****
2754,2021.03.20 20:33,dong****
2755,2021.03.20 13:55,wnsg****
2756,2021.03.20 11:50,6895****
2757,2021.03.20 07:40,elen****
2758,2021.03.19 22:21,noe2****
2759,2021.03.19 22:12,kww5****
2760,2021.03.19 20:48,xodz****
2761,2021.03.19 19:21,rdh2****
2762,2021.03.19 19:17,nigh****
2763,2021.03.19 18:22,only****
2764,2021.03.19 17:33,remi****
2765,2021.03.19 17:23,apel****
2766,2021.03.19 17:19,jmrh****
2767,2021.03.19 17:15,conf****
2768,2021.03.19 16:51,daid****
2769,2021.03.19 16:45,fire****
2770,2021.03.19 16:28,only****
2771,2021.03.19 16:19,kayc****
2772,2021.03.19 16:13,a661****
2773,2021.03.19 16:11,boa1****
2774,2021.03.19 16:08,only****
2775,2021.03.19 16:07,batt****
2776,2021.03.19 16:01,late****
2777,2021.03.19 16:01,mero****
2778,2021.03.19 15:55,only****
2779,2021.03.19 15:51,sunn****
2780,2021.03.19 15:49,aagu****
2781,2021.03.19 15:45,chlw****
2782,2021.03.19 15:44,wonw****
2783,2021.03.19 15:42,head****
2784,2021.03.19 15:34,gmrr****
2785,2021.03.19 15:34,zmdk****
2786,2021.03.19 15:34,unct****
2787,2021.03.19 15:31,xodz****
2788,2021.03.19 14:01,osw0****
2789,2021.03.19 13:36,bigy****
2790,2021.03.19 13:29,woos****
2791,2021.03.19 12:52,news****
2792,2021.03.19 11:51,vkeh****
2793,2021.03.19 11:45,chlw****
2794,2021.03.19 11:43,pana****
2795,2021.03.19 10:48,jis1****
2796,2021.03.19 10:00,ksm_****
2797,2021.03.19 09:56,caca****
2798,2021.03.19 09:55,megy****
2799,2021.03.19 09:42,unct****
2800,2021.03.19 09:29,elen****
2801,2021.03.19 09:01,wonw****
2802,2021.03.19 08:50,chlw****
2803,2021.03.18 23:43,daid****
2804,2021.03.18 21:09,pana****
2805,2021.03.18 21:07,amsk****
2806,2021.03.18 21:06,ksm_****
2807,2021.03.18 19:51,kang****
2808,2021.03.18 18:38,dfg1****
2809,2021.03.18 18:22,rogu****
2810,2021.03.18 18:04,awuf****
2811,2021.03.18 17:48,sylo****
2812,2021.03.18 17:43,lgjj****
2813,2021.03.18 17:41,poss****
2814,2021.03.18 17:35,whg1****
2815,2021.03.18 17:34,acti****
2816,2021.03.18 17:30,dong****
2817,2021.03.18 17:23,apel****
2818,2021.03.18 17:12,khd0****
2819,2021.03.18 16:50,sock****
2820,2021.03.18 16:41,rdh2****
2821,2021.03.18 16:36,rlal****
2822,2021.03.18 16:34,daid****
2823,2021.03.18 16:30,apel****
2824,2021.03.18 16:27,zmdk****
2825,2021.03.18 16:21,rdh2****
2826,2021.03.18 16:15,haml****
2827,2021.03.18 16:03,xodz****
2828,2021.03.18 16:01,kyaa****
2829,2021.03.18 16:00,k002****
2830,2021.03.18 15:52,daid****
2831,2021.03.18 15:51,riok****
2832,2021.03.18 15:29,lado****
2833,2021.03.18 15:26,bjib****
2834,2021.03.18 15:04,wpaa****
2835,2021.03.18 13:41,lado****
2836,2021.03.18 13:38,kmas****
2837,2021.03.18 13:20,jis1****
2838,2021.03.18 12:45,eve4****
2839,2021.03.18 12:35,ksm_****
2840,2021.03.18 12:24,unct****
2841,2021.03.18 12:15,unct****
2842,2021.03.18 10:44,9870****
2843,2021.03.18 10:43,juhy****
2844,2021.03.18 10:27,soft****
2845,2021.03.18 10:16,mero****
2846,2021.03.18 10:10,lado****
2847,2021.03.18 09:44,rlal****
2848,2021.03.18 09:43,jis1****
2849,2021.03.18 09:40,rlal****
2850,2021.03.18 09:23,unct****
2851,2021.03.18 09:15,mari****
2852,2021.03.18 08:26,h328****
2853,2021.03.17 19:41,ghdu****
2854,2021.03.17 17:50,lado****
2855,2021.03.17 17:46,h328****
2856,2021.03.17 12:52,zmdk****
2857,2021.03.17 12:01,jis1****
2858,2021.03.17 11:03,neur****
2859,2021.03.17 10:51,gmrr****
2860,2021.03.17 10:43,jis1****
2861,2021.03.17 10:39,rlal****
2862,2021.03.17 10:09,leej****
2863,2021.03.17 09:54,vkeh****
2864,2021.03.17 09:34,khd0****
2865,2021.03.17 09:03,jis1****
2866,2021.03.17 08:50,hyun****
2867,2021.03.17 08:00,ghdu****
2868,2021.03.17 00:51,lado****
2869,2021.03.16 20:33,lado****
2870,2021.03.16 15:29,rogu****
2871,2021.03.16 15:08,leed****
2872,2021.03.16 14:38,zmdk****
2873,2021.03.16 13:46,only****
2874,2021.03.16 13:20,lado****
2875,2021.03.16 12:59,mero****
2876,2021.03.16 12:22,jaju****
2877,2021.03.16 12:07,hybr****
2878,2021.03.16 10:31,mero****
2879,2021.03.16 10:18,jis1****
2880,2021.03.16 10:01,ming****
2881,2021.03.16 09:38,zmdk****
2882,2021.03.15 21:39,acti****
2883,2021.03.15 15:14,khd0****
2884,2021.03.15 15:04,hyun****
2885,2021.03.15 14:56,long****
2886,2021.03.15 14:21,paul****
2887,2021.03.15 13:46,dldm****
2888,2021.03.15 13:18,e_e_****
2889,2021.03.15 13:06,vkeh****
2890,2021.03.15 13:05,mero****
2891,2021.03.15 12:44,leej****
2892,2021.03.15 12:42,sdud****
2893,2021.03.15 12:36,tell****
2894,2021.03.15 12:28,ghdu****
2895,2021.03.15 12:22,anor****
2896,2021.03.15 12:14,rlal****
2897,2021.03.15 12:05,gmrr****
2898,2021.03.15 11:54,wpaa****
2899,2021.03.15 11:38,gbwj****
2900,2021.03.15 11:31,only****
2901,2021.03.15 11:13,rogu****
2902,2021.03.15 10:34,only****
2903,2021.03.15 10:34,xogu****
2904,2021.03.15 10:30,rlal****
2905,2021.03.15 10:23,unct****
2906,2021.03.15 10:16,zmfn****
2907,2021.03.15 09:59,boon****
2908,2021.03.14 23:21,lado****
2909,2021.03.14 20:49,hyun****
2910,2021.03.13 16:45,yjhs****
2911,2021.03.13 00:41,aaab****
2912,2021.03.12 22:15,cinn****
2913,2021.03.12 17:20,lado****
2914,2021.03.12 15:44,mero****
2915,2021.03.12 15:21,daid****
2916,2021.03.12 15:00,rlal****
2917,2021.03.12 14:24,wmq1****
2918,2021.03.12 14:10,wmq1****
2919,2021.03.12 13:55,wmq1****
2920,2021.03.12 13:50,wmq1****
2921,2021.03.12 13:23,wmq1****
2922,2021.03.12 12:19,empb****
2923,2021.03.12 12:13,dnjs****
2924,2021.03.12 11:44,daid****
2925,2021.03.12 11:10,ksm_****
2926,2021.03.12 11:04,ksm_****
2927,2021.03.12 10:47,jaju****
2928,2021.03.12 10:05,gmrr****
2929,2021.03.12 09:56,khd0****
2930,2021.03.12 09:54,psj2****
2931,2021.03.12 09:42,rlal****
2932,2021.03.12 09:21,whoo****
2933,2021.03.12 09:18,mero****
2934,2021.03.12 09:11,gain****
2935,2021.03.12 07:18,khd0****
2936,2021.03.12 07:04,rogu****
2937,2021.03.12 02:09,lado****
2938,2021.03.12 00:16,shk1****
2939,2021.03.11 22:30,flow****
2940,2021.03.11 17:46,mero****
2941,2021.03.11 16:00,daid****
2942,2021.03.11 15:50,yari****
2943,2021.03.11 15:38,pana****
2944,2021.03.11 15:24,unct****
2945,2021.03.11 15:08,osw0****
2946,2021.03.11 15:08,unct****
2947,2021.03.11 14:12,nigh****
2948,2021.03.11 13:59,boon****
2949,2021.03.11 13:52,roko****
2950,2021.03.11 13:44,wltj****
2951,2021.03.11 13:42,khd0****
2952,2021.03.11 13:36,kayc****
2953,2021.03.11 13:28,rhtm****
2954,2021.03.11 13:19,elen****
2955,2021.03.11 13:17,altm****
2956,2021.03.11 13:08,goku****
2957,2021.03.11 13:03,jmrh****
2958,2021.03.11 13:00,shei****
2959,2021.03.11 12:25,ksm_****
2960,2021.03.11 12:20,tlat****
2961,2021.03.11 11:44,khd0****
2962,2021.03.11 11:37,dudg****
2963,2021.03.11 12:24,56be****
2964,2021.03.11 10:15,heo3****
2965,2021.03.11 09:22,ksm_****
2966,2021.03.10 21:19,atk7****
2967,2021.03.10 13:56,ksm_****
2968,2021.03.10 13:27,yhip****
2969,2021.03.10 12:18,sck0****
2970,2021.03.10 12:14,ddae****
2971,2021.03.10 12:13,ddae****
2972,2021.03.10 12:10,ddae****
2973,2021.03.10 11:48,sck0****
2974,2021.03.10 11:31,boon****
2975,2021.03.10 10:43,ppon****
2976,2021.03.10 10:26,ddae****
2977,2021.03.10 10:15,ddae****
2978,2021.03.10 10:08,khd0****
2979,2021.03.10 09:56,king****
2980,2021.03.10 09:49,khd0****
2981,2021.03.10 09:44,ddae****
2982,2021.03.10 09:43,whg1****
2983,2021.03.10 09:34,yoha****
2984,2021.03.10 09:28,jis1****
2985,2021.03.10 09:21,msz0****
2986,2021.03.10 09:21,mero****
2987,2021.03.10 09:17,elen****
2988,2021.03.10 09:11,dudg****
2989,2021.03.10 09:10,rlal****
2990,2021.03.10 09:09,ppon****
2991,2021.03.10 00:42,rogu****
2992,2021.03.10 00:12,daid****
2993,2021.03.09 22:54,lado****
2994,2021.03.09 21:16,adva****
2995,2021.03.09 15:39,cler****
2996,2021.03.09 15:23,cler****
2997,2021.03.09 15:11,lado****
2998,2021.03.09 14:42,shei****
2999,2021.03.09 12:07,jis1****
3000,2021.03.09 13:27,acti****
3001,2021.03.09 12:02,astr****
3002,2021.03.09 11:34,unct****
3003,2021.03.09 11:01,jis1****
3004,2021.03.09 11:00,yoha****
3005,2021.03.09 10:57,yoha****
3006,2021.03.09 12:54,hyun****
3007,2021.03.09 10:44,sseg****
3008,2021.03.09 10:21,yevv****
3009,2021.03.09 10:19,jis1****
3010,2021.03.09 10:10,rlal****
3011,2021.03.09 09:33,rogu****
3012,2021.03.09 08:37,unct****
3013,2021.03.09 08:19,dool****
3014,2021.03.09 00:29,jdh8****
3015,2021.03.08 22:16,kww5****
3016,2021.03.08 14:23,rink****
3017,2021.03.08 16:00,news****
3018,2021.03.08 14:07,best****
3019,2021.03.08 13:59,elen****
3020,2021.03.08 13:48,hyun****
3021,2021.03.08 13:41,help****
3022,2021.03.08 12:27,eheh****
3023,2021.03.08 11:29,dudg****
3024,2021.03.08 11:02,kimd****
3025,2021.03.08 11:29,jis1****
3026,2021.03.08 11:00,jis1****
3027,2021.03.08 10:41,mcha****
3028,2021.03.08 10:30,komj****
3029,2021.03.08 10:01,rhtm****
3030,2021.03.08 09:57,unct****
3031,2021.03.07 23:12,drea****
3032,2021.03.07 18:02,drea****
3033,2021.03.05 19:04,daid****
3034,2021.03.05 18:48,shk1****
3035,2021.03.05 16:57,hkwj****
3036,2021.03.05 16:25,nigh****
3037,2021.03.05 15:17,roko****
3038,2021.03.05 14:50,ices****
3039,2021.03.05 14:44,pana****
3040,2021.03.05 14:44,ksm_****
3041,2021.03.05 14:41,sad0****
3042,2021.03.05 14:29,pana****
3043,2021.03.05 11:14,mero****
3044,2021.03.05 10:39,acti****
3045,2021.03.05 10:24,btsg****
3046,2021.03.05 10:05,help****
3047,2021.03.05 08:50,flow****
3048,2021.03.05 06:48,gung****
3049,2021.03.04 21:10,dbsy****
3050,2021.03.04 19:19,ihha****
3051,2021.03.04 19:04,kmas****
3052,2021.03.04 17:27,ween****
3053,2021.03.04 17:22,sseg****
3054,2021.03.04 16:55,vkeh****
3055,2021.03.04 16:50,zudy****
3056,2021.03.04 15:56,daid****
3057,2021.03.04 15:45,mero****
3058,2021.03.04 15:40,lado****
3059,2021.03.04 15:36,gb_h****
3060,2021.03.04 15:32,conf****
3061,2021.03.04 15:29,sad0****
3062,2021.03.04 15:19,nigh****
3063,2021.03.04 15:11,cust****
3064,2021.03.04 15:04,long****
3065,2021.03.04 14:41,mero****
3066,2021.03.04 14:38,dkfz****
3067,2021.03.04 14:37,unct****
3068,2021.03.04 14:33,shmi****
3069,2021.03.04 14:27,ksm_****
3070,2021.03.04 13:41,flow****
3071,2021.03.04 12:46,leem****
3072,2021.03.04 12:31,jaju****
3073,2021.03.04 11:10,fkaq****
3074,2021.03.04 10:44,heo1****
3075,2021.03.04 10:06,ksm_****
3076,2021.03.04 09:48,ksm_****
3077,2021.03.04 09:50,ksm_****
3078,2021.03.04 09:21,elen****
3079,2021.03.04 07:19,mero****
3080,2021.03.03 20:10,toug****
3081,2021.03.03 16:11,rlad****
3082,2021.03.03 15:48,fish****
3083,2021.03.03 15:39,elen****
3084,2021.03.03 15:37,lado****
3085,2021.03.03 15:33,jb11****
3086,2021.03.03 14:32,dkfz****
3087,2021.03.03 14:23,ices****
3088,2021.03.03 14:16,elen****
3089,2021.03.03 14:02,dyrn****
3090,2021.03.03 13:46,wocj****
3091,2021.03.03 13:00,acti****
3092,2021.03.03 12:21,jmrh****
3093,2021.03.03 11:51,rogu****
3094,2021.03.03 00:13,dkwj****
3095,2021.03.02 21:11,nigh****
3096,2021.03.02 20:17,spho****
3097,2021.03.02 16:09,rlad****
3098,2021.03.02 15:13,judi****
3099,2021.03.02 12:14,lado****
3100,2021.03.02 09:20,unct****
3101,2021.03.02 09:16,elen****
3102,2021.02.27 01:05,daid****
3103,2021.02.26 16:09,yevv****
3104,2021.02.26 13:15,hyun****
3105,2021.02.26 12:25,sseg****
3106,2021.02.26 09:53,tkdk****
3107,2021.02.26 09:04,tlat****
3108,2021.02.25 15:23,jis1****
3109,2021.02.25 15:22,jis1****
3110,2021.02.25 12:23,lsw5****
3111,2021.02.25 10:37,ylem****
3112,2021.02.25 11:55,kmas****
3113,2021.02.25 08:27,tivk****
3114,2021.02.25 01:47,kors****
3115,2021.02.24 15:05,lado****
3116,2021.02.24 12:22,wlsg****
3117,2021.02.23 19:07,kmas****
3118,2021.02.23 14:56,osw0****
3119,2021.02.22 15:56,juhy****
3120,2021.02.22 15:42,dong****
3121,2021.02.22 14:16,rncj****
3122,2021.02.22 13:55,unct****
3123,2021.02.22 13:31,rncj****
3124,2021.02.22 12:50,haml****
3125,2021.02.22 11:40,mero****
3126,2021.02.22 10:43,jeon****
3127,2021.02.22 09:53,sung****
3128,2021.02.20 18:59,nabi****
3129,2021.02.19 17:01,ices****
3130,2021.02.19 22:43,yoha****
3131,2021.02.19 10:46,pokk****
3132,2021.02.19 06:33,sds1****
3133,2021.02.18 15:49,juhy****
3134,2021.02.18 15:48,daid****
3135,2021.02.18 09:36,kiki****
3136,2021.02.18 00:23,dyrn****
3137,2021.02.17 15:56,gbyw****
3138,2021.02.17 15:41,tivk****
3139,2021.02.17 14:48,ljb6****
3140,2021.02.17 14:03,help****
3141,2021.02.17 12:54,yoll****
3142,2021.02.17 10:08,king****
3143,2021.02.16 18:06,jor9****
3144,2021.02.16 16:56,elen****
3145,2021.02.16 16:22,wjja****
3146,2021.02.16 16:03,ljh7****
3147,2021.02.16 14:21,help****
3148,2021.02.16 13:36,king****
3149,2021.02.16 12:36,dyrn****
3150,2021.02.16 12:14,jis1****
3151,2021.02.16 10:03,juhy****
3152,2021.02.16 07:48,2003****
3153,2021.02.15 21:56,kimh****
3154,2021.02.15 21:53,sdy1****
3155,2021.02.15 15:11,jsy2****
3156,2021.02.15 14:26,audt****
3157,2021.02.15 11:12,juhy****
3158,2021.02.15 10:42,king****
3159,2021.02.15 10:39,sad0****
3160,2021.02.15 09:37,qlrd****
3161,2021.02.15 08:43,wpaa****
3162,2021.02.14 14:27,zipo****
3163,2021.02.13 05:59,lmj2****
3164,2021.02.12 01:18,hdsj****
3165,2021.02.12 01:09,yoha****
3166,2021.02.10 17:56,mini****
3167,2021.02.10 15:58,juhy****
3168,2021.02.10 15:52,juhy****
3169,2021.02.10 15:42,ghtj****
3170,2021.02.10 15:31,king****
3171,2021.02.10 11:55,tkdk****
3172,2021.02.09 13:07,bjki****
3173,2021.02.09 12:50,prin****
3174,2021.02.09 11:14,dyrn****
3175,2021.02.09 10:30,lwls****
3176,2021.02.09 10:19,poss****
3177,2021.02.09 09:16,dbgu****
3178,2021.02.08 18:01,vvou****
3179,2021.02.08 17:16,kjk7****
3180,2021.02.08 15:01,wocj****
3181,2021.02.08 14:48,mini****
3182,2021.02.08 14:46,wjdg****
3183,2021.02.08 14:45,tkdk****
3184,2021.02.08 14:45,kwon****
3185,2021.02.08 14:01,wjdd****
3186,2021.02.08 13:23,wjdg****
3187,2021.02.08 12:32,psdr****
3188,2021.02.08 12:07,wocj****
3189,2021.02.08 10:25,lode****
3190,2021.02.08 09:22,elen****
3191,2021.02.08 07:10,zizo****
3192,2021.02.07 15:25,wkda****
3193,2021.02.07 00:10,dyrn****
3194,2021.02.06 19:30,mone****
3195,2021.02.07 07:12,clfr****
3196,2021.02.06 19:02,sb17****
3197,2021.02.05 22:09,onem****
3198,2021.02.05 18:47,lsw5****
3199,2021.02.05 18:09,asur****
