,sub_id,bike_id,역사명,호선,경도,위도
0,2622,102,망원,6호선,126.910052,37.556094
1,2622,103,망원,6호선,126.910052,37.556094
2,0,104,,,,
3,238,105,합정,2호선,126.913808,37.549457
4,2623,106,합정,6호선,126.913366,37.549209
5,0,107,,,,
6,0,108,,,,
7,0,109,,,,
8,2624,111,상수,6호선,126.922852,37.547716
9,0,112,,,,
10,239,113,홍대입구,2호선,126.923708,37.55679
11,239,114,홍대입구,2호선,126.923708,37.55679
12,1293,115,홍대입구,경의중앙선,126.926683,37.557641
13,0,116,,,,
14,0,117,,,,
15,2625,118,광흥창(서강),6호선,126.931993,37.547456
16,0,119,,,,
17,0,120,,,,
18,0,121,,,,
19,0,122,,,,
20,0,123,,,,
21,1263,124,서강대,경의중앙선,126.935711,37.551881
22,0,125,,,,
23,0,126,,,,
24,0,127,,,,
25,240,128,신촌,2호선,126.936926,37.555131
26,240,129,신촌,2호선,126.936926,37.555131
27,240,130,신촌,2호선,126.936926,37.555131
28,2618,131,증산(명지대앞),6호선,126.909645,37.583876
29,0,133,,,,
30,0,134,,,,
31,0,135,,,,
32,0,137,,,,
33,0,138,,,,
34,0,139,,,,
35,0,140,,,,
36,0,141,,,,
37,242,142,아현,2호선,126.956141,37.557345
38,2530,143,공덕,5호선,126.951372,37.544431
39,4202,144,공덕,공항철도1호선,126.952024,37.54253
40,2627,145,공덕,6호선,126.951678,37.543555
41,2529,146,마포,5호선,126.945932,37.539574
42,2529,147,마포,5호선,126.945932,37.539574
43,0,148,,,,
44,0,150,,,,
45,0,153,,,,
46,0,154,,,,
47,1265,155,가좌,경의중앙선,126.915487,37.568491
48,0,156,,,,
49,2531,157,애오개,5호선,126.95682,37.553736
50,241,159,이대,2호선,126.946013,37.556733
51,0,160,,,,
52,315,161,무악재,3호선,126.950291,37.582299
53,0,162,,,,
54,0,163,,,,
55,0,164,,,,
56,0,165,,,,
57,0,166,,,,
58,0,167,,,,
59,0,169,,,,
60,0,170,,,,
61,2533,171,서대문,5호선,126.966641,37.565773
62,2533,173,서대문,5호선,126.966641,37.565773
63,0,175,,,,
64,0,176,,,,
65,0,177,,,,
66,0,178,,,,
67,1265,179,가좌,경의중앙선,126.915487,37.568491
68,2532,180,충정로(경기대입구),5호선,126.9629,37.560236
69,0,181,,,,
70,0,182,,,,
71,0,183,,,,
72,0,184,,,,
73,0,185,,,,
74,0,186,,,,
75,0,188,,,,
76,0,191,,,,
77,0,192,,,,
78,0,194,,,,
79,0,195,,,,
80,0,196,,,,
81,0,198,,,,
82,0,199,,,,
83,0,200,,,,
84,0,201,,,,
85,0,202,,,,
86,4114,203,국회의사당,9호선,126.917874,37.528105
87,4114,204,국회의사당,9호선,126.917874,37.528105
88,0,205,,,,
89,0,206,,,,
90,2528,207,여의나루,5호선,126.932901,37.527098
91,0,209,,,,
92,0,210,,,,
93,4115,211,여의도,9호선,126.92403,37.52176
94,4115,212,여의도,9호선,126.92403,37.52176
95,0,213,,,,
96,0,214,,,,
97,0,215,,,,
98,0,217,,,,
99,0,219,,,,
100,0,220,,,,
101,0,221,,,,
102,0,222,,,,
103,0,223,,,,
104,0,224,,,,
105,4116,225,샛강,9호선,126.928422,37.517274
106,4116,226,샛강,9호선,126.928422,37.517274
107,0,227,,,,
108,4112,228,선유도,9호선,126.893525,37.53802
109,0,229,,,,
110,2524,230,영등포구청,5호선,126.89503,37.5242
111,0,231,,,,
112,2523,232,양평,5호선,126.886129,37.525569
113,0,233,,,,
114,0,234,,,,
115,0,235,,,,
116,0,236,,,,
117,0,237,,,,
118,0,238,,,,
119,0,239,,,,
120,235,240,문래,2호선,126.89476,37.517933
121,0,241,,,,
122,0,242,,,,
123,0,243,,,,
124,0,244,,,,
125,0,245,,,,
126,4113,247,당산,9호선,126.902809,37.533406
127,0,248,,,,
128,0,249,,,,
129,0,250,,,,
130,0,251,,,,
131,2744,252,보라매,7호선,126.920428,37.499872
132,2745,253,신풍,7호선,126.90993,37.50008
133,0,254,,,,
134,0,255,,,,
135,0,256,,,,
136,2526,258,신길,5호선,126.914839,37.517623
137,1005,259,대방,경부선,126.926382,37.513342
138,0,260,,,,
139,0,262,,,,
140,0,263,,,,
141,0,264,,,,
142,0,265,,,,
143,0,266,,,,
144,0,267,,,,
145,0,268,,,,
146,0,270,,,,
147,0,271,,,,
148,237,272,당산,2호선,126.902767,37.534946
149,1006,274,영등포,경부선,126.907628,37.515504
150,0,275,,,,
151,0,276,,,,
152,0,277,,,,
153,0,278,,,,
154,0,279,,,,
155,0,280,,,,
156,0,281,,,,
157,0,282,,,,
158,0,283,,,,
159,0,284,,,,
160,0,285,,,,
161,0,286,,,,
162,0,287,,,,
163,0,288,,,,
164,0,289,,,,
165,0,290,,,,
166,0,291,,,,
167,0,292,,,,
168,0,293,,,,
169,0,295,,,,
170,0,296,,,,
171,0,297,,,,
172,0,298,,,,
173,0,299,,,,
174,0,300,,,,
175,0,301,,,,
176,317,302,경복궁(정부서울청사),3호선,126.97353,37.575762
177,0,303,,,,
178,0,305,,,,
179,2534,306,광화문(세종문화회관),5호선,126.97717,37.571525
180,0,307,,,,
181,0,308,,,,
182,0,309,,,,
183,0,310,,,,
184,0,314,,,,
185,152,316,종각,1호선,126.982923,37.570161
186,0,318,,,,
187,202,320,을지로입구,2호선,126.982618,37.566014
188,202,321,을지로입구,2호선,126.982618,37.566014
189,0,322,,,,
190,0,324,,,,
191,318,326,안국,3호선,126.985443,37.576477
192,0,327,,,,
193,0,328,,,,
194,0,329,,,,
195,0,331,,,,
196,0,332,,,,
197,319,334,종로3가,3호선,126.991791,37.571605
198,153,335,종로3가,1호선,126.991847,37.570406
199,0,336,,,,
200,0,337,,,,
201,0,338,,,,
202,0,339,,,,
203,0,340,,,,
204,420,341,혜화,4호선,127.001844,37.582336
205,0,342,,,,
206,0,343,,,,
207,0,344,,,,
208,0,345,,,,
209,0,346,,,,
210,422,347,동대문역사문화공원,4호선,127.007885,37.565133
211,0,348,,,,
212,0,349,,,,
213,0,351,,,,
214,0,352,,,,
215,0,353,,,,
216,0,354,,,,
217,0,355,,,,
218,0,356,,,,
219,0,358,,,,
220,0,359,,,,
221,2637,361,동묘앞,6호선,127.015653,37.572279
222,0,362,,,,
223,4713,363,신설동,우이신설선,127.023242,37.576095
224,2638,364,창신,6호선,127.015241,37.579661
225,316,367,독립문,3호선,126.957748,37.574571
226,0,368,,,,
227,0,369,,,,
228,201,370,시청,2호선,126.975411,37.563588
229,322,371,동대입구,3호선,127.005602,37.559052
230,2634,372,약수,6호선,127.010358,37.554263
231,2635,374,청구,6호선,127.013986,37.560608
232,150,379,서울역,1호선,126.972135,37.556228
233,0,380,,,,
234,322,381,동대입구,3호선,127.005602,37.559052
235,2634,382,약수,6호선,127.010358,37.554263
236,2636,383,신당,6호선,127.016146,37.566154
237,0,384,,,,
238,152,385,종각,1호선,126.982923,37.570161
239,0,387,,,,
240,0,388,,,,
241,2536,389,을지로4가,5호선,126.998032,37.567352
242,423,390,충무로,4호선,126.99408,37.561207
243,0,391,,,,
244,421,393,동대문,4호선,127.009287,37.57093
245,0,394,,,,
246,0,395,,,,
247,0,397,,,,
248,320,398,을지로3가,3호선,126.992548,37.566672
249,0,399,,,,
250,0,400,,,,
251,0,401,,,,
252,0,402,,,,
253,0,403,,,,
254,0,405,,,,
255,0,406,,,,
256,0,407,,,,
257,0,408,,,,
258,0,409,,,,
259,0,410,,,,
260,0,411,,,,
261,0,412,,,,
262,0,413,,,,
263,0,414,,,,
264,4204,415,디지털미디어시티,공항철도1호선,126.898609,37.576958
265,0,416,,,,
266,0,417,,,,
267,2620,418,월드컵경기장(성산),6호선,126.899298,37.569532
268,2620,419,월드컵경기장(성산),6호선,126.899298,37.569532
269,0,420,,,,
270,0,421,,,,
271,0,422,,,,
272,0,424,,,,
273,0,425,,,,
274,0,426,,,,
275,0,427,,,,
276,0,428,,,,
277,0,429,,,,
278,0,430,,,,
279,0,431,,,,
280,0,432,,,,
281,202,433,을지로입구,2호선,126.982618,37.566014
282,0,434,,,,
283,0,435,,,,
284,241,436,이대,2호선,126.946013,37.556733
285,2626,437,대흥(서강대앞),6호선,126.942069,37.547771
286,0,438,,,,
287,0,439,,,,
288,0,440,,,,
289,0,441,,,,
290,1001,442,서울역,경부선,126.971134,37.554337
291,0,443,,,,
292,0,445,,,,
293,0,446,,,,
294,0,447,,,,
295,0,449,,,,
296,0,450,,,,
297,0,451,,,,
298,0,452,,,,
299,154,453,종로5가,1호선,127.001849,37.570926
300,0,454,,,,
301,0,455,,,,
302,0,456,,,,
303,0,457,,,,
304,0,458,,,,
305,0,461,,,,
306,0,462,,,,
307,0,464,,,,
308,0,465,,,,
309,0,466,,,,
310,0,467,,,,
311,0,468,,,,
312,0,469,,,,
313,0,470,,,,
314,0,471,,,,
315,0,472,,,,
316,2536,473,을지로4가,5호선,126.998032,37.567352
317,422,474,동대문역사문화공원,4호선,127.007885,37.565133
318,0,475,,,,
319,0,476,,,,
320,0,477,,,,
321,322,479,동대입구,3호선,127.005602,37.559052
322,2634,480,약수,6호선,127.010358,37.554263
323,2636,481,신당,6호선,127.016146,37.566154
324,2633,483,버티고개,6호선,127.007055,37.548013
325,0,484,,,,
326,0,485,,,,
327,0,486,,,,
328,0,487,,,,
329,0,488,,,,
330,0,489,,,,
331,0,490,,,,
332,0,491,,,,
333,0,492,,,,
334,0,493,,,,
335,0,494,,,,
336,0,495,,,,
337,0,497,,,,
338,0,498,,,,
339,2728,500,어린이대공원(세종대),7호선,127.074658,37.548014
340,0,501,,,,
341,2730,502,뚝섬유원지,7호선,127.066704,37.53154
342,0,505,,,,
343,0,506,,,,
344,0,507,,,,
345,0,508,,,,
346,0,509,,,,
347,0,510,,,,
348,1847,511,서울숲,분당선,127.044707,37.543617
349,0,512,,,,
350,0,513,,,,
351,0,514,,,,
352,0,515,,,,
353,0,516,,,,
354,0,518,,,,
355,0,519,,,,
356,207,520,상왕십리,2호선,127.029354,37.564354
357,0,521,,,,
358,324,522,금호,3호선,127.015872,37.548034
359,0,523,,,,
360,0,524,,,,
361,0,525,,,,
362,0,526,,,,
363,2544,529,장한평,5호선,127.064623,37.56144
364,0,530,,,,
365,0,533,,,,
366,0,534,,,,
367,0,535,,,,
368,2540,536,행당,5호선,127.029476,37.557322
369,0,537,,,,
370,0,538,,,,
371,0,539,,,,
372,2727,540,군자(능동),7호선,127.079338,37.556897
373,214,542,강변(동서울터미널),2호선,127.094681,37.535095
374,214,543,강변(동서울터미널),2호선,127.094681,37.535095
375,0,544,,,,
376,0,546,,,,
377,0,548,,,,
378,2546,549,아차산(어린이대공원후문),5호선,127.089761,37.551691
379,0,550,,,,
380,0,551,,,,
381,0,552,,,,
382,0,553,,,,
383,0,555,,,,
384,0,556,,,,
385,0,557,,,,
386,0,558,,,,
387,2541,559,왕십리(성동구청),5호선,127.037059,37.56184
388,0,560,,,,
389,1847,561,서울숲,분당선,127.044707,37.543617
390,0,562,,,,
391,0,563,,,,
392,324,564,금호,3호선,127.015872,37.548034
393,1011,565,옥수,경원선,127.018672,37.540446
394,211,567,성수,2호선,127.055961,37.544581
395,0,568,,,,
396,0,569,,,,
397,2728,571,어린이대공원(세종대),7호선,127.074658,37.548014
398,0,572,,,,
399,0,573,,,,
400,2546,574,아차산(어린이대공원후문),5호선,127.089761,37.551691
401,0,575,,,,
402,2547,576,광나루(장신대),5호선,127.10357,37.545303
403,0,577,,,,
404,0,578,,,,
405,2542,579,마장,5호선,127.042973,37.5661
406,0,582,,,,
407,0,583,,,,
409,0,584,,,,
410,0,585,,,,
411,0,586,,,,
412,0,587,,,,
413,2730,588,뚝섬유원지,7호선,127.066704,37.53154
414,211,589,성수,2호선,127.055961,37.544581
415,0,590,,,,
416,0,591,,,,
417,0,592,,,,
418,0,593,,,,
419,0,594,,,,
420,0,600,,,,
421,0,601,,,,
422,0,602,,,,
423,0,604,,,,
424,0,605,,,,
425,0,606,,,,
426,1017,607,신이문,경원선,127.067325,37.601854
427,0,608,,,,
428,0,609,,,,
429,0,610,,,,
430,0,612,,,,
431,4713,613,신설동,우이신설선,127.023242,37.576095
432,0,614,,,,
433,0,615,,,,
434,0,616,,,,
435,0,617,,,,
436,0,621,,,,
437,0,622,,,,
438,0,623,,,,
439,0,624,,,,
440,0,625,,,,
441,0,626,,,,
442,0,627,,,,
443,0,628,,,,
444,0,630,,,,
445,0,631,,,,
446,158,633,청량리(서울시립대입구),1호선,127.044585,37.579956
447,0,634,,,,
448,0,635,,,,
449,0,636,,,,
450,0,637,,,,
451,0,638,,,,
452,0,639,,,,
453,0,640,,,,
454,250,641,용두(동대문구청),2호선,127.038091,37.574028
455,0,642,,,,
456,0,643,,,,
457,2544,646,장한평,5호선,127.064623,37.56144
458,1017,647,신이문,경원선,127.067325,37.601854
459,0,648,,,,
460,0,650,,,,
461,0,652,,,,
462,0,654,,,,
463,0,656,,,,
464,0,657,,,,
465,0,658,,,,
466,157,659,제기동,1호선,127.034893,37.578103
467,0,660,,,,
468,0,661,,,,
469,1016,663,외대앞,경원선,127.063549,37.596073
470,0,664,,,,
471,0,665,,,,
472,0,666,,,,
473,0,667,,,,
474,0,668,,,,
475,0,669,,,,
476,0,670,,,,
477,4713,671,신설동,우이신설선,127.023242,37.576095
478,0,672,,,,
479,0,673,,,,
480,0,674,,,,
481,0,676,,,,
482,158,677,청량리(서울시립대입구),1호선,127.044585,37.579956
483,0,678,,,,
484,0,679,,,,
485,0,680,,,,
486,0,681,,,,
487,0,700,,,,
488,0,701,,,,
489,0,702,,,,
490,2522,703,오목교(목동운동장앞),5호선,126.875181,37.524496
491,0,704,,,,
492,0,706,,,,
493,0,708,,,,
494,0,709,,,,
495,0,710,,,,
496,0,711,,,,
497,0,712,,,,
498,0,713,,,,
499,0,714,,,,
500,0,716,,,,
501,0,719,,,,
502,0,720,,,,
503,0,722,,,,
504,0,723,,,,
505,0,724,,,,
506,0,725,,,,
507,0,726,,,,
508,0,729,,,,
509,0,731,,,,
510,0,732,,,,
511,0,733,,,,
512,0,734,,,,
513,0,735,,,,
514,0,736,,,,
515,0,737,,,,
516,0,739,,,,
517,0,740,,,,
518,0,741,,,,
519,4109,742,등촌,9호선,126.865689,37.550632
520,0,743,,,,
521,4111,744,신목동,9호선,126.88308,37.544277
522,0,745,,,,
523,0,746,,,,
524,0,747,,,,
525,0,748,,,,
526,0,749,,,,
527,0,750,,,,
528,0,752,,,,
529,0,754,,,,
530,0,755,,,,
531,0,756,,,,
532,0,757,,,,
533,0,758,,,,
534,0,759,,,,
535,0,760,,,,
536,0,762,,,,
537,0,763,,,,
538,0,764,,,,
539,2522,765,오목교(목동운동장앞),5호선,126.875181,37.524496
540,4111,766,신목동,9호선,126.88308,37.544277
541,0,767,,,,
542,0,768,,,,
543,0,769,,,,
544,2521,770,목동,5호선,126.864931,37.526065
545,0,771,,,,
546,4110,773,염창,9호선,126.874916,37.546936
547,0,774,,,,
548,0,775,,,,
549,0,776,,,,
550,0,777,,,,
551,0,779,,,,
552,0,780,,,,
553,0,781,,,,
554,0,782,,,,
555,0,785,,,,
556,0,786,,,,
557,0,787,,,,
558,248,788,양천구청,2호선,126.865819,37.512398
559,0,790,,,,
560,0,791,,,,
561,0,792,,,,
562,0,793,,,,
563,0,794,,,,
564,0,795,,,,
565,0,796,,,,
566,0,797,,,,
567,0,800,,,,
568,0,802,,,,
569,0,803,,,,
570,0,805,,,,
571,0,806,,,,
572,426,807,서울역,4호선,126.972556,37.55281
573,1009,808,서빙고,경원선,126.988537,37.519594
574,0,809,,,,
575,0,810,,,,
576,2630,811,녹사평(용산구청),6호선,126.986695,37.534675
577,0,812,,,,
578,428,813,삼각지,4호선,126.9726,37.534075
579,0,815,,,,
580,429,816,신용산,4호선,126.967894,37.52917
581,428,817,삼각지,4호선,126.9726,37.534075
582,0,818,,,,
583,1002,819,남영,경부선,126.9713,37.541021
584,0,820,,,,
585,0,822,,,,
586,0,823,,,,
587,0,825,,,,
588,0,826,,,,
589,0,827,,,,
590,427,828,숙대입구(갈월),4호선,126.972106,37.54456
591,0,829,,,,
592,0,830,,,,
593,0,831,,,,
594,1008,832,이촌(국립중앙박물관),경원선,126.973406,37.522427
595,2628,834,효창공원앞,6호선,126.961384,37.539233
596,1002,835,남영,경부선,126.9713,37.541021
597,0,836,,,,
598,0,837,,,,
599,427,838,숙대입구(갈월),4호선,126.972106,37.54456
600,0,839,,,,
601,0,840,,,,
602,429,841,신용산,4호선,126.967894,37.52917
603,0,843,,,,
604,0,844,,,,
605,0,845,,,,
606,0,846,,,,
607,0,847,,,,
608,2629,848,삼각지,6호선,126.974032,37.535534
609,2629,849,삼각지,6호선,126.974032,37.535534
610,0,850,,,,
611,0,851,,,,
612,0,852,,,,
613,0,853,,,,
614,2632,854,한강진,6호선,127.001725,37.539631
615,1008,855,이촌(국립중앙박물관),경원선,126.973406,37.522427
616,0,857,,,,
617,2630,858,녹사평(용산구청),6호선,126.986695,37.534675
618,0,859,,,,
619,0,860,,,,
620,0,863,,,,
621,0,864,,,,
622,0,865,,,,
623,0,866,,,,
624,1009,867,서빙고,경원선,126.988537,37.519594
625,0,869,,,,
626,0,870,,,,
627,0,900,,,,
628,0,901,,,,
629,0,902,,,,
630,0,903,,,,
631,0,904,,,,
632,310,905,구파발,3호선,126.918821,37.636763
633,0,906,,,,
634,2611,907,응암,6호선,126.915577,37.598605
635,0,908,,,,
636,0,909,,,,
637,2612,911,역촌,6호선,126.922744,37.606021
638,0,912,,,,
639,0,913,,,,
640,2617,914,새절(신사),6호선,126.913629,37.591148
641,2618,915,증산(명지대앞),6호선,126.909645,37.583876
642,0,916,,,,
643,313,917,녹번,3호선,126.935756,37.600927
644,0,919,,,,
645,0,921,,,,
646,0,922,,,,
647,0,923,,,,
648,0,924,,,,
649,312,925,불광,3호선,126.92982,37.610553
650,0,927,,,,
651,0,928,,,,
652,0,930,,,,
653,0,931,,,,
654,0,932,,,,
655,0,933,,,,
656,0,934,,,,
657,0,937,,,,
658,0,938,,,,
659,0,939,,,,
660,0,941,,,,
661,0,942,,,,
662,0,943,,,,
663,0,945,,,,
664,2614,946,독바위,6호선,126.933031,37.618456
665,0,947,,,,
666,2619,948,디지털미디어시티,6호선,126.901391,37.576108
667,2615,949,연신내,6호선,126.920625,37.618636
668,2616,950,구산,6호선,126.91727,37.611377
669,0,952,,,,
670,0,953,,,,
671,0,954,,,,
672,0,956,,,,
673,0,958,,,,
674,0,959,,,,
675,0,960,,,,
676,2613,961,불광,6호선,126.92939,37.610873
677,0,962,,,,
678,0,963,,,,
679,0,964,,,,
680,0,965,,,,
681,0,966,,,,
682,0,967,,,,
683,0,968,,,,
684,0,969,,,,
685,0,971,,,,
686,0,972,,,,
687,0,973,,,,
688,0,974,,,,
689,0,975,,,,
690,0,976,,,,
691,0,977,,,,
692,313,978,녹번,3호선,126.935756,37.600927
693,0,979,,,,
694,0,982,,,,
695,0,984,,,,
696,0,985,,,,
697,2617,989,새절(신사),6호선,126.913629,37.591148
698,0,991,,,,
699,0,992,,,,
700,0,993,,,,
701,0,994,,,,
702,0,995,,,,
703,2611,996,응암,6호선,126.915577,37.598605
704,0,1001,,,,
705,0,1002,,,,
706,0,1003,,,,
707,0,1004,,,,
708,0,1006,,,,
709,0,1007,,,,
710,2811,1008,암사,8호선,127.127562,37.55021
711,2812,1009,천호(풍납토성),8호선,127.123254,37.538113
712,0,1010,,,,
713,0,1011,,,,
714,0,1012,,,,
715,2813,1013,강동구청,8호선,127.120508,37.530341
716,0,1015,,,,
717,0,1016,,,,
718,0,1017,,,,
719,0,1018,,,,
720,0,1019,,,,
721,0,1020,,,,
722,0,1021,,,,
723,0,1022,,,,
724,0,1023,,,,
725,0,1024,,,,
726,0,1025,,,,
727,0,1026,,,,
728,0,1027,,,,
729,0,1028,,,,
730,0,1029,,,,
731,0,1030,,,,
732,0,1031,,,,
733,0,1032,,,,
734,0,1033,,,,
735,0,1034,,,,
736,2553,1035,고덕,5호선,127.154151,37.555004
737,0,1036,,,,
738,0,1037,,,,
739,0,1038,,,,
740,0,1039,,,,
741,0,1041,,,,
742,0,1042,,,,
743,2551,1044,굽은다리(강동구민회관앞),5호선,127.142853,37.545477
744,0,1047,,,,
745,0,1048,,,,
746,0,1049,,,,
747,2555,1050,둔촌동,5호선,127.136248,37.527788
748,0,1051,,,,
749,0,1052,,,,
750,0,1053,,,,
751,0,1054,,,,
752,0,1056,,,,
753,0,1057,,,,
754,0,1058,,,,
755,0,1059,,,,
756,0,1060,,,,
757,0,1061,,,,
758,0,1062,,,,
759,0,1063,,,,
760,0,1064,,,,
761,0,1065,,,,
762,0,1066,,,,
763,0,1067,,,,
764,0,1068,,,,
765,0,1069,,,,
766,0,1070,,,,
767,0,1071,,,,
768,2553,1072,고덕,5호선,127.154151,37.555004
769,0,1073,,,,
770,0,1074,,,,
771,0,1075,,,,
772,0,1076,,,,
773,2549,1077,강동,5호선,127.132481,37.535804
774,0,1078,,,,
775,0,1079,,,,
776,0,1080,,,,
777,0,1081,,,,
778,4138,1082,중앙보훈병원,9호선(연장),127.148739,37.529191
779,0,1083,,,,
780,0,1084,,,,
781,0,1085,,,,
782,0,1086,,,,
783,0,1088,,,,
784,0,1089,,,,
785,2554,1090,상일동,5호선,127.166417,37.556712
786,0,1101,,,,
787,0,1102,,,,
788,2511,1103,방화,5호선,126.812741,37.577446
789,0,1105,,,,
790,0,1106,,,,
791,4103,1108,공항시장,9호선,126.810678,37.563726
792,4103,1109,공항시장,9호선,126.810678,37.563726
793,0,1110,,,,
794,0,1111,,,,
795,0,1112,,,,
796,0,1113,,,,
797,0,1115,,,,
798,0,1117,,,,
799,4108,1118,증미,9호선,126.861939,37.557402
800,0,1119,,,,
801,0,1120,,,,
802,0,1121,,,,
803,0,1122,,,,
804,2516,1124,발산,5호선,126.837668,37.558598
805,0,1125,,,,
806,2517,1126,우장산,5호선,126.836318,37.548768
807,0,1127,,,,
808,2518,1128,화곡,5호선,126.840461,37.541513
809,2518,1129,화곡,5호선,126.840461,37.541513
810,0,1130,,,,
811,0,1131,,,,
812,0,1132,,,,
813,0,1135,,,,
814,0,1136,,,,
815,0,1137,,,,
816,0,1139,,,,
817,0,1140,,,,
818,0,1141,,,,
819,0,1145,,,,
820,0,1146,,,,
821,0,1148,,,,
822,0,1149,,,,
823,2514,1150,송정,5호선,126.811973,37.561184
824,0,1151,,,,
825,0,1152,,,,
826,2516,1153,발산,5호선,126.837668,37.558598
827,0,1155,,,,
828,0,1157,,,,
829,4107,1158,가양,9호선,126.854456,37.561391
830,0,1159,,,,
831,4106,1160,양천향교,9호선,126.841333,37.568381
832,0,1161,,,,
833,0,1162,,,,
834,0,1163,,,,
835,0,1165,,,,
836,0,1166,,,,
837,0,1167,,,,
838,0,1168,,,,
839,4110,1169,염창,9호선,126.874916,37.546936
840,0,1170,,,,
841,0,1171,,,,
842,0,1172,,,,
843,0,1173,,,,
844,0,1174,,,,
845,0,1175,,,,
846,0,1177,,,,
847,2512,1178,개화산,5호선,126.806171,37.572399
848,0,1180,,,,
849,0,1181,,,,
850,0,1182,,,,
851,0,1183,,,,
852,0,1184,,,,
853,0,1185,,,,
854,0,1186,,,,
855,0,1187,,,,
856,0,1188,,,,
857,2515,1190,마곡,5호선,126.825448,37.560183
858,0,1191,,,,
859,0,1192,,,,
860,0,1193,,,,
861,0,1194,,,,
862,0,1195,,,,
863,0,1196,,,,
864,0,1197,,,,
865,0,1198,,,,
866,2517,1199,우장산,5호선,126.836318,37.548768
867,4101,1200,개화,9호선,126.798153,37.578608
868,2818,1201,가락시장,8호선,127.118398,37.492888
869,0,1203,,,,
870,2560,1204,거여,5호선,127.14415,37.493105
871,0,1205,,,,
872,0,1206,,,,
873,0,1207,,,,
874,2813,1208,강동구청,8호선,127.120508,37.530341
875,215,1209,잠실나루,2호선,127.10379,37.520733
876,216,1210,잠실(송파구청),2호선,127.100159,37.513262
877,0,1211,,,,
878,2817,1212,송파,8호선,127.112183,37.499703
879,0,1213,,,,
880,2558,1214,오금,5호선,127.127938,37.502057
881,4136,1215,올림픽공원(한국체대),9호선(연장),127.130288,37.516269
882,0,1217,,,,
883,2557,1218,방이,5호선,127.126133,37.508857
884,0,1220,,,,
885,4131,1221,삼전,9호선(연장),127.088025,37.504738
886,217,1222,잠실새내,2호선,127.086162,37.511687
887,0,1224,,,,
888,0,1226,,,,
889,2560,1227,거여,5호선,127.14415,37.493105
890,0,1228,,,,
891,0,1229,,,,
892,0,1230,,,,
893,216,1231,잠실(송파구청),2호선,127.100159,37.513262
894,0,1232,,,,
895,0,1233,,,,
896,0,1235,,,,
897,0,1239,,,,
898,0,1240,,,,
899,0,1241,,,,
900,0,1242,,,,
901,0,1243,,,,
902,0,1244,,,,
903,2820,1245,장지,8호선,127.126191,37.478703
904,2820,1246,장지,8호선,127.126191,37.478703
905,0,1247,,,,
906,0,1248,,,,
907,0,1249,,,,
908,0,1250,,,,
909,4133,1251,석촌,9호선(연장),127.10704,37.505208
910,2558,1253,오금,5호선,127.127938,37.502057
911,0,1256,,,,
912,2818,1257,가락시장,8호선,127.118398,37.492888
913,0,1258,,,,
914,2557,1259,방이,5호선,127.126133,37.508857
915,0,1260,,,,
916,0,1262,,,,
917,0,1263,,,,
918,2812,1264,천호(풍납토성),8호선,127.123254,37.538113
919,0,1265,,,,
920,0,1266,,,,
921,0,1267,,,,
922,0,1268,,,,
923,0,1269,,,,
924,0,1271,,,,
925,0,1274,,,,
926,0,1275,,,,
927,0,1277,,,,
928,0,1278,,,,
929,0,1279,,,,
930,0,1280,,,,
931,0,1282,,,,
932,0,1283,,,,
933,0,1285,,,,
934,0,1286,,,,
935,0,1287,,,,
936,0,1288,,,,
937,0,1289,,,,
938,0,1290,,,,
939,0,1291,,,,
940,0,1293,,,,
941,216,1295,잠실(송파구청),2호선,127.100159,37.513262
942,0,1296,,,,
943,0,1297,,,,
944,4137,1299,둔촌오륜,9호선(연장),127.137989,37.519683
945,0,1300,,,,
946,419,1302,한성대입구(삼선교),4호선,127.006221,37.588458
947,0,1303,,,,
948,0,1304,,,,
949,0,1305,,,,
950,419,1306,한성대입구(삼선교),4호선,127.006221,37.588458
951,0,1308,,,,
952,0,1314,,,,
953,0,1315,,,,
954,0,1316,,,,
955,417,1318,길음,4호선,127.025053,37.603407
956,0,1319,,,,
957,0,1321,,,,
958,0,1322,,,,
959,0,1323,,,,
960,2643,1325,상월곡(한국과학기술연구원),6호선,127.048491,37.606377
961,2643,1326,상월곡(한국과학기술연구원),6호선,127.048491,37.606377
962,0,1327,,,,
963,2642,1328,월곡(동덕여대),6호선,127.041518,37.601948
964,1018,1332,석계,경원선,127.065934,37.614532
965,0,1333,,,,
966,0,1334,,,,
967,0,1336,,,,
968,0,1337,,,,
969,0,1338,,,,
970,0,1339,,,,
971,0,1340,,,,
972,0,1342,,,,
973,419,1343,한성대입구(삼선교),4호선,127.006221,37.588458
974,0,1344,,,,
975,0,1346,,,,
976,0,1347,,,,
977,0,1348,,,,
978,0,1349,,,,
979,0,1351,,,,
980,0,1352,,,,
981,0,1353,,,,
982,2641,1354,고려대(종암),6호선,127.036296,37.590508
983,0,1355,,,,
984,4709,1357,북한산보국문,우이신설선,127.008251,37.612072
985,0,1358,,,,
986,0,1359,,,,
987,4710,1360,정릉,우이신설선,127.013396,37.603133
988,0,1361,,,,
989,4712,1362,보문,우이신설선,127.019381,37.585286
990,0,1363,,,,
991,0,1364,,,,
992,0,1365,,,,
993,0,1366,,,,
994,0,1367,,,,
995,0,1368,,,,
996,0,1369,,,,
997,0,1370,,,,
998,0,1372,,,,
999,0,1373,,,,
1000,0,1375,,,,
1001,0,1376,,,,
1002,0,1377,,,,
1003,0,1379,,,,
1004,2642,1380,월곡(동덕여대),6호선,127.041518,37.601948
1005,2645,1381,석계,6호선,127.065595,37.614872
1006,0,1382,,,,
1007,4711,1384,성신여대입구(돈암),우이신설선,127.016516,37.592467
1008,4711,1385,성신여대입구(돈암),우이신설선,127.016516,37.592467
1009,0,1386,,,,
1010,0,1388,,,,
1011,0,1390,,,,
1012,0,1391,,,,
1013,0,1392,,,,
1014,0,1393,,,,
1015,0,1394,,,,
1016,0,1395,,,,
1017,0,1396,,,,
1018,0,1401,,,,
1019,0,1402,,,,
1020,1201,1403,중랑,중앙선,127.076116,37.594917
1021,0,1404,,,,
1022,1203,1405,망우,중앙선,127.091909,37.59955
1023,1204,1406,양원,중앙선,127.107906,37.606596
1024,2720,1407,먹골,7호선,127.077725,37.610637
1025,2720,1408,먹골,7호선,127.077725,37.610637
1026,0,1410,,,,
1027,0,1411,,,,
1028,0,1412,,,,
1029,2648,1413,봉화산(서울의료원),6호선,127.091401,37.617283
1030,2724,1414,사가정,7호선,127.088478,37.580894
1031,2722,1416,상봉(시외버스터미널),7호선,127.085716,37.595577
1032,0,1418,,,,
1033,0,1420,,,,
1034,2649,1421,신내,6호선,127.102231,37.613174
1035,0,1422,,,,
1036,1204,1424,양원,중앙선,127.107906,37.606596
1037,0,1425,,,,
1038,2725,1426,용마산,7호선,127.086727,37.573647
1039,2725,1427,용마산,7호선,127.086727,37.573647
1040,0,1428,,,,
1041,0,1429,,,,
1042,0,1430,,,,
1043,0,1431,,,,
1044,2721,1433,중화,7호선,127.079264,37.602545
1045,0,1435,,,,
1046,0,1436,,,,
1047,0,1437,,,,
1048,0,1438,,,,
1049,0,1440,,,,
1050,0,1441,,,,
1051,0,1442,,,,
1052,0,1444,,,,
1053,0,1445,,,,
1054,0,1446,,,,
1055,2723,1447,면목,7호선,127.087503,37.588579
1056,0,1448,,,,
1057,2722,1449,상봉(시외버스터미널),7호선,127.085716,37.595577
1058,2647,1450,화랑대(서울여대입구),6호선,127.084689,37.620064
1059,0,1451,,,,
1060,0,1452,,,,
1061,0,1453,,,,
1062,0,1454,,,,
1063,2722,1455,상봉(시외버스터미널),7호선,127.085716,37.595577
1064,0,1456,,,,
1065,0,1457,,,,
1066,0,1458,,,,
1067,0,1459,,,,
1068,1201,1461,중랑,중앙선,127.076116,37.594917
1069,1201,1462,중랑,중앙선,127.076116,37.594917
1070,0,1463,,,,
1071,2721,1464,중화,7호선,127.079264,37.602545
1072,0,1465,,,,
1073,0,1466,,,,
1074,2649,1467,신내,6호선,127.102231,37.613174
1075,2720,1468,먹골,7호선,127.077725,37.610637
1076,2720,1469,먹골,7호선,127.077725,37.610637
1077,0,1470,,,,
1078,0,1471,,,,
1079,0,1472,,,,
1080,1201,1473,중랑,중앙선,127.076116,37.594917
1081,0,1474,,,,
1082,0,1477,,,,
1083,0,1478,,,,
1084,0,1479,,,,
1085,0,1480,,,,
1086,415,1501,미아(서울사이버대학),4호선,127.025983,37.62667
1087,0,1503,,,,
1088,0,1504,,,,
1089,0,1506,,,,
1090,0,1509,,,,
1091,0,1510,,,,
1092,0,1511,,,,
1093,0,1512,,,,
1094,0,1513,,,,
1095,0,1514,,,,
1096,0,1515,,,,
1097,0,1516,,,,
1098,0,1518,,,,
1099,0,1519,,,,
1100,0,1520,,,,
1101,0,1522,,,,
1102,415,1525,미아(서울사이버대학),4호선,127.025983,37.62667
1103,0,1526,,,,
1104,415,1527,미아(서울사이버대학),4호선,127.025983,37.62667
1105,0,1528,,,,
1106,0,1529,,,,
1107,0,1530,,,,
1108,416,1531,미아사거리,4호선,127.030053,37.613292
1109,0,1532,,,,
1110,0,1533,,,,
1111,0,1535,,,,
1112,0,1536,,,,
1113,4701,1537,북한산우이,우이신설선,127.012706,37.662909
1114,4702,1538,솔밭공원,우이신설선,127.013273,37.65603
1115,4703,1539,4.19민주묘지,우이신설선,127.013684,37.649502
1116,4704,1540,가오리,우이신설선,127.016789,37.641537
1117,4706,1541,삼양,우이신설선,127.018106,37.626914
1118,4707,1542,삼양사거리,우이신설선,127.020473,37.621337
1119,0,1543,,,,
1120,0,1546,,,,
1121,0,1547,,,,
1122,0,1548,,,,
1123,0,1550,,,,
1124,0,1551,,,,
1125,0,1552,,,,
1126,0,1553,,,,
1127,0,1554,,,,
1128,0,1557,,,,
1129,0,1558,,,,
1130,0,1560,,,,
1131,4703,1564,4.19민주묘지,우이신설선,127.013684,37.649502
1132,0,1565,,,,
1133,0,1568,,,,
1134,414,1569,수유(강북구청),4호선,127.025732,37.638052
1135,0,1571,,,,
1136,0,1572,,,,
1137,0,1573,,,,
1138,0,1574,,,,
1139,2645,1601,석계,6호선,127.065595,37.614872
1140,1019,1602,광운대,경원선,127.061835,37.623632
1141,0,1605,,,,
1142,2719,1606,태릉입구,7호선,127.075397,37.618294
1143,2718,1608,공릉(서울과학기술대),7호선,127.072896,37.625742
1144,2647,1610,화랑대(서울여대입구),6호선,127.084689,37.620064
1145,0,1611,,,,
1146,2717,1616,하계,7호선,127.06799,37.636352
1147,0,1617,,,,
1148,0,1619,,,,
1149,0,1620,,,,
1150,410,1625,상계,4호선,127.073572,37.660878
1151,2713,1627,수락산,7호선,127.055315,37.67785
1152,0,1628,,,,
1153,0,1630,,,,
1154,0,1634,,,,
1155,0,1635,,,,
1156,0,1636,,,,
1157,0,1637,,,,
1158,0,1639,,,,
1159,0,1640,,,,
1160,0,1641,,,,
1161,0,1642,,,,
1162,2719,1643,태릉입구,7호선,127.075397,37.618294
1163,0,1646,,,,
1164,0,1650,,,,
1165,0,1651,,,,
1166,0,1652,,,,
1167,411,1653,노원,4호선,127.063276,37.65627
1168,0,1654,,,,
1169,0,1655,,,,
1170,0,1656,,,,
1171,0,1657,,,,
1172,0,1659,,,,
1173,0,1660,,,,
1174,0,1661,,,,
1175,2715,1662,노원,7호선,127.060462,37.654836
1176,0,1663,,,,
1177,0,1664,,,,
1178,0,1665,,,,
1179,0,1666,,,,
1180,0,1667,,,,
1181,2716,1668,중계,7호선,127.064303,37.644583
1182,2716,1669,중계,7호선,127.064303,37.644583
1183,0,1670,,,,
1184,0,1671,,,,
1185,0,1672,,,,
1186,2715,1673,노원,7호선,127.060462,37.654836
1187,0,1674,,,,
1188,0,1675,,,,
1189,0,1677,,,,
1190,0,1678,,,,
1191,0,1679,,,,
1192,0,1680,,,,
1193,0,1681,,,,
1194,0,1682,,,,
1195,0,1683,,,,
1196,2719,1684,태릉입구,7호선,127.075397,37.618294
1197,0,1685,,,,
1198,0,1686,,,,
1199,2714,1688,마들,7호선,127.057675,37.66494
1200,2714,1689,마들,7호선,127.057675,37.66494
1201,0,1690,,,,
1202,0,1691,,,,
1203,0,1692,,,,
1204,0,1693,,,,
1205,0,1696,,,,
1206,0,1697,,,,
1207,0,1702,,,,
1208,2712,1703,도봉산,7호선,127.046509,37.689241
1209,0,1705,,,,
1210,0,1706,,,,
1211,0,1707,,,,
1212,0,1708,,,,
1213,0,1709,,,,
1214,0,1713,,,,
1215,0,1714,,,,
1216,0,1715,,,,
1217,0,1716,,,,
1218,0,1717,,,,
1219,0,1719,,,,
1220,0,1720,,,,
1221,1022,1721,창동,경원선,127.047806,37.653007
1222,0,1722,,,,
1223,0,1723,,,,
1224,0,1725,,,,
1225,0,1726,,,,
1226,0,1727,,,,
1227,0,1728,,,,
1228,0,1729,,,,
1229,0,1730,,,,
1230,0,1731,,,,
1231,1901,1732,방학,경원선,127.044273,37.667503
1232,0,1733,,,,
1233,0,1734,,,,
1234,1902,1735,도봉,경원선,127.045595,37.679563
1235,0,1736,,,,
1236,0,1737,,,,
1237,0,1738,,,,
1238,0,1741,,,,
1239,0,1742,,,,
1240,0,1743,,,,
1241,0,1744,,,,
1242,0,1746,,,,
1243,0,1748,,,,
1244,0,1749,,,,
1245,0,1750,,,,
1246,0,1751,,,,
1247,0,1752,,,,
1248,0,1754,,,,
1249,0,1756,,,,
1250,4702,1757,솔밭공원,우이신설선,127.013273,37.65603
1251,4702,1758,솔밭공원,우이신설선,127.013273,37.65603
1252,0,1759,,,,
1253,0,1761,,,,
1254,0,1762,,,,
1255,413,1765,쌍문,4호선,127.034709,37.648627
1256,0,1767,,,,
1257,0,1768,,,,
1258,0,1770,,,,
1259,0,1771,,,,
1260,0,1772,,,,
1261,0,1774,,,,
1262,0,1775,,,,
1263,1714,1804,독산,경부선,126.889249,37.466613
1264,0,1805,,,,
1265,0,1806,,,,
1266,0,1808,,,,
1267,0,1809,,,,
1268,0,1812,,,,
1269,0,1814,,,,
1270,0,1816,,,,
1271,0,1819,,,,
1272,0,1820,,,,
1273,0,1821,,,,
1274,0,1822,,,,
1275,0,1823,,,,
1276,0,1824,,,,
1277,0,1825,,,,
1278,0,1826,,,,
1279,1703,1827,금천구청,경부선,126.89398,37.455626
1280,0,1828,,,,
1281,0,1829,,,,
1282,0,1830,,,,
1283,0,1831,,,,
1284,1714,1833,독산,경부선,126.889249,37.466613
1285,0,1834,,,,
1286,0,1835,,,,
1287,0,1836,,,,
1288,0,1839,,,,
1289,0,1840,,,,
1290,0,1841,,,,
1291,0,1842,,,,
1292,0,1843,,,,
1293,0,1845,,,,
1294,0,1846,,,,
1295,0,1847,,,,
1296,0,1848,,,,
1297,0,1849,,,,
1298,0,1850,,,,
1299,2748,1851,가산디지털단지,7호선,126.882656,37.480338
1300,0,1852,,,,
1301,0,1853,,,,
1302,0,1854,,,,
1303,0,1855,,,,
1304,0,1856,,,,
1305,0,1857,,,,
1306,0,1858,,,,
1307,0,1859,,,,
1308,0,1861,,,,
1309,0,1862,,,,
1310,0,1863,,,,
1311,0,1864,,,,
1312,0,1865,,,,
1313,0,1866,,,,
1314,2748,1867,가산디지털단지,7호선,126.882656,37.480338
1315,0,1868,,,,
1316,0,1869,,,,
1317,0,1870,,,,
1318,0,1901,,,,
1319,247,1904,도림천,2호선,126.882768,37.514287
1320,1007,1906,신도림,경부선,126.891144,37.508787
1321,0,1907,,,,
1322,0,1908,,,,
1323,0,1910,,,,
1324,232,1911,구로디지털단지,2호선,126.901401,37.485266
1325,0,1912,,,,
1326,0,1913,,,,
1327,233,1914,대림(구로구청),2호선,126.894932,37.493243
1328,0,1916,,,,
1329,0,1920,,,,
1330,0,1924,,,,
1331,0,1925,,,,
1332,0,1928,,,,
1333,0,1929,,,,
1334,0,1930,,,,
1335,1801,1931,개봉,경인선,126.85968,37.494594
1336,0,1933,,,,
1337,1801,1936,개봉,경인선,126.85968,37.494594
1338,0,1937,,,,
1339,1802,1941,오류동,경인선,126.845365,37.494526
1340,1821,1943,온수(성공회대입구),경인선,126.824086,37.492433
1341,1701,1946,구로,경부선,126.881966,37.503039
1342,0,1951,,,,
1343,0,1952,,,,
1344,2751,1953,천왕,7호선,126.838713,37.486637
1345,0,1955,,,,
1346,0,1956,,,,
1347,0,1957,,,,
1348,0,1958,,,,
1349,0,1959,,,,
1350,0,1960,,,,
1351,1007,1961,신도림,경부선,126.891144,37.508787
1352,0,1962,,,,
1353,0,1964,,,,
1354,0,1965,,,,
1355,0,1966,,,,
1356,0,1967,,,,
1357,0,1968,,,,
1358,0,1969,,,,
1359,0,1971,,,,
1360,0,1973,,,,
1361,0,1974,,,,
1362,233,1975,대림(구로구청),2호선,126.894932,37.493243
1363,2747,1976,남구로,7호선,126.887249,37.486056
1364,2751,1977,천왕,7호선,126.838713,37.486637
1365,0,1979,,,,
1366,0,1981,,,,
1367,0,1983,,,,
1368,0,1984,,,,
1369,0,1985,,,,
1370,0,1986,,,,
1371,0,1987,,,,
1372,0,1988,,,,
1373,0,1991,,,,
1374,0,1992,,,,
1375,0,1993,,,,
1376,1813,1994,구일,경인선,126.870793,37.496756
1377,0,1996,,,,
1378,0,1998,,,,
1379,0,1999,,,,
1380,0,2000,,,,
1381,4118,2002,노들,9호선,126.953222,37.512887
1382,0,2003,,,,
1383,0,2007,,,,
1384,0,2008,,,,
1385,2744,2009,보라매,7호선,126.920428,37.499872
1386,0,2012,,,,
1387,2742,2013,장승배기,7호선,126.93915,37.504898
1388,2743,2015,신대방삼거리,7호선,126.928276,37.499701
1389,2743,2016,신대방삼거리,7호선,126.928276,37.499701
1390,2742,2020,장승배기,7호선,126.93915,37.504898
1391,2741,2024,상도,7호선,126.94791,37.502834
1392,4119,2025,흑석(중앙대입구),9호선,126.963708,37.50877
1393,4119,2026,흑석(중앙대입구),9호선,126.963708,37.50877
1394,0,2027,,,,
1395,2738,2032,이수,7호선,126.981605,37.485196
1396,0,2033,,,,
1397,433,2034,사당,4호선,126.981651,37.476955
1398,0,2036,,,,
1399,4120,2037,동작(현충원),9호선,126.978153,37.502878
1400,0,2038,,,,
1401,0,2040,,,,
1402,0,2041,,,,
1403,0,2048,,,,
1404,4117,2050,노량진,9호선,126.941005,37.513534
1405,0,2054,,,,
1406,0,2056,,,,
1407,0,2057,,,,
1408,1004,2058,노량진,경부선,126.94271,37.514149
1409,0,2059,,,,
1410,2739,2060,남성,7호선,126.971251,37.484596
1411,0,2061,,,,
1412,0,2062,,,,
1413,1005,2063,대방,경부선,126.926382,37.513342
1414,0,2064,,,,
1415,0,2065,,,,
1416,0,2066,,,,
1417,0,2067,,,,
1418,0,2068,,,,
1419,2740,2069,숭실대입구(살피재),7호선,126.953822,37.496029
1420,1004,2070,노량진,경부선,126.94271,37.514149
1421,0,2071,,,,
1422,0,2076,,,,
1423,4118,2077,노들,9호선,126.953222,37.512887
1424,0,2078,,,,
1425,0,2079,,,,
1426,0,2080,,,,
1427,2738,2082,이수,7호선,126.981605,37.485196
1428,0,2083,,,,
1429,0,2084,,,,
1430,0,2085,,,,
1431,0,2086,,,,
1432,0,2088,,,,
1433,0,2089,,,,
1434,0,2090,,,,
1435,0,2091,,,,
1436,0,2092,,,,
1437,0,2093,,,,
1438,0,2094,,,,
1439,0,2095,,,,
1440,0,2096,,,,
1441,0,2102,,,,
1442,0,2103,,,,
1443,433,2104,사당,4호선,126.981651,37.476955
1444,0,2105,,,,
1445,0,2106,,,,
1446,0,2107,,,,
1447,0,2108,,,,
1448,0,2109,,,,
1449,0,2110,,,,
1450,228,2111,서울대입구(관악구청),2호선,126.952739,37.481247
1451,0,2112,,,,
1452,0,2113,,,,
1453,0,2115,,,,
1454,0,2116,,,,
1455,0,2119,,,,
1456,0,2122,,,,
1457,0,2127,,,,
1458,0,2128,,,,
1459,0,2129,,,,
1460,0,2130,,,,
1461,230,2135,신림,2호선,126.929715,37.484201
1462,230,2136,신림,2호선,126.929715,37.484201
1463,0,2137,,,,
1464,0,2139,,,,
1465,0,2140,,,,
1466,0,2141,,,,
1467,0,2143,,,,
1468,0,2144,,,,
1469,0,2145,,,,
1470,227,2148,낙성대,2호선,126.963693,37.47693
1471,0,2156,,,,
1472,0,2159,,,,
1473,0,2164,,,,
1474,0,2165,,,,
1475,227,2167,낙성대,2호선,126.963693,37.47693
1476,229,2169,봉천,2호선,126.941892,37.482362
1477,0,2170,,,,
1478,228,2171,서울대입구(관악구청),2호선,126.952739,37.481247
1479,0,2172,,,,
1480,0,2173,,,,
1481,0,2174,,,,
1482,0,2175,,,,
1483,0,2176,,,,
1484,231,2177,신대방,2호선,126.913149,37.487462
1485,0,2178,,,,
1486,0,2179,,,,
1487,0,2183,,,,
1488,0,2184,,,,
1489,0,2185,,,,
1490,0,2186,,,,
1491,0,2187,,,,
1492,229,2189,봉천,2호선,126.941892,37.482362
1493,0,2190,,,,
1494,0,2191,,,,
1495,0,2195,,,,
1496,0,2196,,,,
1497,0,2198,,,,
1498,0,2199,,,,
1499,0,2201,,,,
1500,0,2202,,,,
1501,4310,2203,청계산입구,신분당선,127.055664,37.447211
1502,0,2205,,,,
1503,0,2206,,,,
1504,0,2207,,,,
1505,0,2210,,,,
1506,0,2211,,,,
1507,0,2212,,,,
1508,0,2213,,,,
1509,0,2214,,,,
1510,0,2215,,,,
1511,0,2217,,,,
1512,4123,2219,고속터미널,9호선,127.004403,37.50598
1513,4121,2220,구반포,9호선,126.987332,37.501364
1514,0,2221,,,,
1515,433,2222,사당,4호선,126.981651,37.476955
1516,0,2223,,,,
1517,0,2225,,,,
1518,0,2226,,,,
1519,0,2227,,,,
1520,0,2228,,,,
1521,0,2229,,,,
1522,2738,2230,이수,7호선,126.981605,37.485196
1523,0,2231,,,,
1524,0,2233,,,,
1525,0,2235,,,,
1526,331,2237,남부터미널(예술의전당),3호선,127.016189,37.485013
1527,330,2239,교대(법원.검찰청),3호선,127.013786,37.493025
1528,0,2241,,,,
1529,4308,2242,양재(서초구청),신분당선,127.034653,37.483809
1530,0,2243,,,,
1531,0,2244,,,,
1532,0,2245,,,,
1533,0,2246,,,,
1534,0,2247,,,,
1535,0,2248,,,,
1536,0,2249,,,,
1537,0,2250,,,,
1538,0,2251,,,,
1539,0,2252,,,,
1540,4309,2255,양재시민의숲(매헌),신분당선,127.03842,37.470023
1541,0,2256,,,,
1542,0,2257,,,,
1543,0,2258,,,,
1544,328,2259,잠원,3호선,127.01122,37.512759
1545,0,2262,,,,
1546,0,2263,,,,
1547,0,2264,,,,
1548,0,2265,,,,
1549,0,2266,,,,
1550,0,2268,,,,
1551,0,2269,,,,
1552,0,2270,,,,
1553,2737,2271,내방,7호선,126.993513,37.487618
1554,0,2272,,,,
1555,0,2273,,,,
1556,4309,2274,양재시민의숲(매헌),신분당선,127.03842,37.470023
1557,0,2275,,,,
1558,0,2276,,,,
1559,0,2277,,,,
1560,330,2279,교대(법원.검찰청),3호선,127.013786,37.493025
1561,0,2280,,,,
1562,0,2281,,,,
1563,0,2282,,,,
1564,0,2283,,,,
1565,0,2284,,,,
1566,0,2285,,,,
1567,0,2286,,,,
1568,0,2287,,,,
1569,0,2288,,,,
1570,434,2289,남태령,4호선,126.989134,37.463873
1571,0,2293,,,,
1572,0,2294,,,,
1573,331,2297,남부터미널(예술의전당),3호선,127.016189,37.485013
1574,0,2298,,,,
1575,0,2299,,,,
1576,0,2301,,,,
1577,4125,2302,신논현,9호선,127.02506,37.504598
1578,2734,2303,논현,7호선,127.021415,37.511093
1579,0,2304,,,,
1580,0,2305,,,,
1581,326,2306,압구정,3호선,127.028461,37.527072
1582,0,2307,,,,
1583,0,2308,,,,
1584,0,2309,,,,
1585,0,2310,,,,
1586,0,2311,,,,
1587,0,2312,,,,
1588,0,2313,,,,
1589,0,2314,,,,
1590,4129,2315,봉은사,9호선(연장),127.060245,37.514219
1591,219,2316,삼성(무역센터),2호선,127.06316,37.508844
1592,0,2317,,,,
1593,0,2318,,,,
1594,0,2319,,,,
1595,0,2320,,,,
1596,336,2321,학여울,3호선,127.070594,37.496663
1597,219,2322,삼성(무역센터),2호선,127.06316,37.508844
1598,0,2323,,,,
1599,0,2324,,,,
1600,0,2325,,,,
1601,0,2326,,,,
1602,0,2327,,,,
1603,0,2328,,,,
1604,0,2329,,,,
1605,0,2330,,,,
1606,0,2331,,,,
1607,1023,2332,선릉,분당선,127.048807,37.504856
1608,332,2333,양재(서초구청),3호선,127.033902,37.484477
1609,0,2334,,,,
1610,333,2335,매봉,3호선,127.046769,37.486947
1611,0,2336,,,,
1612,1028,2337,대모산입구,분당선,127.07272,37.491373
1613,0,2339,,,,
1614,0,2340,,,,
1615,338,2341,일원,3호선,127.08439,37.483681
1616,337,2342,대청,3호선,127.079532,37.493514
1617,0,2343,,,,
1618,0,2344,,,,
1619,0,2347,,,,
1620,0,2348,,,,
1621,0,2349,,,,
1622,0,2350,,,,
1623,0,2351,,,,
1624,0,2352,,,,
1625,2732,2353,강남구청,7호선,127.041255,37.517179
1626,0,2354,,,,
1627,219,2355,삼성(무역센터),2호선,127.06316,37.508844
1628,0,2356,,,,
1629,0,2357,,,,
1630,0,2358,,,,
1631,0,2359,,,,
1632,0,2360,,,,
1633,0,2362,,,,
1634,0,2363,,,,
1635,0,2364,,,,
1636,0,2365,,,,
1637,0,2368,,,,
1638,0,2369,,,,
1639,1024,2370,한티,분당선,127.052873,37.496237
1640,0,2371,,,,
1641,335,2372,대치,3호선,127.063642,37.494612
1642,1027,2373,개포동,분당선,127.06614,37.489116
1643,1030,2375,수서,분당선,127.101422,37.487472
1644,1030,2376,수서,분당선,127.101422,37.487472
1645,1030,2377,수서,분당선,127.101422,37.487472
1646,0,2380,,,,
1647,4126,2381,언주,9호선(연장),127.033868,37.507287
1648,0,2382,,,,
1649,0,2383,,,,
1650,0,2384,,,,
1651,2733,2385,학동,7호선,127.031656,37.514229
1652,0,2386,,,,
1653,0,2387,,,,
1654,0,2388,,,,
1655,0,2389,,,,
1656,0,2390,,,,
1657,0,2391,,,,
1658,0,2392,,,,
1659,0,2393,,,,
1660,0,2394,,,,
1661,0,2395,,,,
1662,0,2396,,,,
1663,0,2398,,,,
1664,0,2401,,,,
1665,0,2403,,,,
1666,1028,2404,대모산입구,분당선,127.07272,37.491373
1667,0,2405,,,,
1668,0,2406,,,,
1669,0,2407,,,,
1670,0,2408,,,,
1671,0,2409,,,,
1672,0,2410,,,,
1673,0,2411,,,,
1674,0,2412,,,,
1675,1025,2413,도곡,분당선,127.055186,37.491224
1676,0,2414,,,,
1677,1024,2415,한티,분당선,127.052873,37.496237
1678,1024,2416,한티,분당선,127.052873,37.496237
1679,0,2417,,,,
1680,4129,2418,봉은사,9호선(연장),127.060245,37.514219
1681,4129,2419,봉은사,9호선(연장),127.060245,37.514219
1682,336,2420,학여울,3호선,127.070594,37.496663
1683,4125,2421,신논현,9호선,127.02506,37.504598
1684,0,2422,,,,
1685,0,2423,,,,
1686,0,2425,,,,
1687,0,2426,,,,
1688,0,2427,,,,
1689,0,2428,,,,
1690,1848,2429,압구정로데오,분당선,127.040534,37.527381
1691,221,2430,역삼,2호선,127.036456,37.500622
1692,335,2431,대치,3호선,127.063642,37.494612
1693,0,2501,,,,
1694,224,2502,서초,2호선,127.007917,37.491897
1695,0,2503,,,,
1696,327,2504,신사,3호선,127.020114,37.516334
1697,0,2505,,,,
1698,0,2506,,,,
1699,0,2508,,,,
1700,0,2509,,,,
1701,0,2510,,,,
1702,0,2511,,,,
1703,4124,2514,사평,9호선,127.015259,37.504206
1704,0,2515,,,,
1705,0,2516,,,,
1706,0,2517,,,,
1707,0,2518,,,,
1708,0,2519,,,,
1709,0,2520,,,,
1710,0,2521,,,,
1711,0,2523,,,,
1712,0,2524,,,,
1713,0,2525,,,,
1714,0,2526,,,,
1715,0,2527,,,,
1716,0,2528,,,,
1717,0,2529,,,,
1718,0,2530,,,,
1719,0,2531,,,,
1720,0,2532,,,,
1721,0,2533,,,,
1722,4122,2535,신반포,9호선,126.995925,37.503415
1723,0,2536,,,,
1724,0,2537,,,,
1725,0,2538,,,,
1726,0,2539,,,,
1727,0,2540,,,,
1728,0,2541,,,,
1729,4125,2542,신논현,9호선,127.02506,37.504598
1730,0,2545,,,,
1731,0,2547,,,,
1732,0,2548,,,,
1733,0,2549,,,,
1734,0,2550,,,,
1735,0,2601,,,,
1736,0,2603,,,,
1737,0,2604,,,,
1738,2821,2605,복정,8호선,127.126732,37.471052
1739,0,2606,,,,
1740,0,2608,,,,
1741,0,2609,,,,
1742,0,2610,,,,
1743,0,2611,,,,
1744,0,2612,,,,
1745,0,2613,,,,
1746,0,2614,,,,
1747,0,2615,,,,
1748,0,2616,,,,
1749,0,2617,,,,
1750,4131,2618,삼전,9호선(연장),127.088025,37.504738
1751,4132,2619,석촌고분,9호선(연장),127.097033,37.502558
1752,4134,2620,송파나루,9호선(연장),127.112216,37.510372
1753,4135,2621,한성백제,9호선(연장),127.116503,37.516404
1754,4136,2622,올림픽공원(한국체대),9호선(연장),127.130288,37.516269
1755,0,2623,,,,
1756,0,2625,,,,
1757,341,2626,경찰병원,3호선,127.12454,37.495918
1758,0,2627,,,,
1759,2819,2628,문정,8호선,127.1225,37.485855
1760,0,2630,,,,
1761,0,2631,,,,
1762,4132,2632,석촌고분,9호선(연장),127.097033,37.502558
1763,0,2633,,,,
1764,0,2634,,,,
1765,217,2635,잠실새내,2호선,127.086162,37.511687
1766,0,2637,,,,
1767,0,2638,,,,
1768,4133,2639,석촌,9호선(연장),127.10704,37.505208
1769,0,2641,,,,
1770,0,2642,,,,
1771,0,2643,,,,
1772,0,2644,,,,
1773,0,2645,,,,
1774,0,2646,,,,
1775,0,2647,,,,
1776,0,2648,,,,
1777,0,2649,,,,
1778,0,2650,,,,
1779,341,2651,경찰병원,3호선,127.12454,37.495918
1780,0,2652,,,,
1781,0,2653,,,,
1782,0,2654,,,,
1783,0,2655,,,,
1784,0,2656,,,,
1785,0,2657,,,,
1786,0,2658,,,,
1787,0,2659,,,,
1788,4206,2701,마곡나루,공항철도1호선,126.827378,37.565543
1789,0,2702,,,,
1790,0,2703,,,,
1791,0,2704,,,,
1792,0,2706,,,,
1793,0,2707,,,,
1794,0,2708,,,,
1795,0,2709,,,,
1796,0,2710,,,,
1797,0,2711,,,,
1798,0,2712,,,,
1799,0,2713,,,,
1800,4105,2715,마곡나루,9호선,126.82731,37.566778
1801,0,2716,,,,
1802,0,2717,,,,
1803,0,2718,,,,
1804,0,2719,,,,
1805,0,2720,,,,
1806,0,2721,,,,
1807,0,2722,,,,
1808,0,2723,,,,
1809,0,2724,,,,
1810,0,2725,,,,
1811,0,2727,,,,
1812,4206,2728,마곡나루,공항철도1호선,126.827378,37.565543
1813,0,2729,,,,
1814,0,2730,,,,
1815,0,2731,,,,
1816,0,2732,,,,
1817,0,2733,,,,
1818,0,2735,,,,
1819,2519,2737,까치산,5호선,126.846683,37.531768
1820,0,2739,,,,
1821,0,2740,,,,
1822,0,2741,,,,
1823,0,2742,,,,
1824,0,2743,,,,
1825,0,2744,,,,
1826,0,2745,,,,
1827,0,2746,,,,
1828,0,2801,,,,
1829,0,2804,,,,
1830,0,2805,,,,
1831,0,2806,,,,
1832,0,2807,,,,
1833,0,2808,,,,
1834,0,2809,,,,
1835,0,2810,,,,
1836,0,2812,,,,
1837,0,2813,,,,
1838,0,2814,,,,
1839,0,2815,,,,
1840,0,2816,,,,
1841,0,2817,,,,
1842,0,2818,,,,
1843,0,2819,,,,
1844,0,2820,,,,
1845,0,2821,,,,
1846,0,2822,,,,
1847,0,2823,,,,
1848,0,2824,,,,
1849,0,2825,,,,
1850,0,2826,,,,
1851,0,2901,,,,
1852,0,2902,,,,
1853,0,2903,,,,
1854,0,2904,,,,
1855,0,2907,,,,
1856,0,2908,,,,
1857,0,2909,,,,
1858,0,2910,,,,
1859,0,2911,,,,
1860,0,2912,,,,
1861,0,2913,,,,
1862,0,2914,,,,
1863,0,2915,,,,
1864,0,2917,,,,
1865,0,2919,,,,
1866,0,2920,,,,
1867,2716,2921,중계,7호선,127.064303,37.644583
1868,0,3002,,,,
1869,0,3003,,,,
1870,0,3005,,,,
1871,0,3006,,,,
1872,0,3007,,,,
1873,4204,3008,디지털미디어시티,공항철도1호선,126.898609,37.576958
1874,0,3009,,,,
1875,1293,3010,홍대입구,경의중앙선,126.926683,37.557641
1876,0,3011,,,,
1877,0,3013,,,,
1878,0,3100,,,,
1879,0,3101,,,,
1880,0,3102,,,,
1881,0,3103,,,,
1882,242,3104,아현,2호선,126.956141,37.557345
1883,0,3105,,,,
1884,0,3107,,,,
1885,0,3109,,,,
1886,0,3110,,,,
1887,315,3111,무악재,3호선,126.950291,37.582299
1888,316,3112,독립문,3호선,126.957748,37.574571
1889,0,3113,,,,
1890,243,3114,충정로(경기대입구),2호선,126.964378,37.559704
1891,0,3115,,,,
1892,240,3116,신촌,2호선,126.936926,37.555131
1893,0,3117,,,,
1894,0,3119,,,,
1895,0,3120,,,,
1896,0,3121,,,,
1897,0,3122,,,,
1898,0,3123,,,,
1899,0,3124,,,,
1900,0,3125,,,,
1901,0,3126,,,,
1902,0,3127,,,,
1903,0,3128,,,,
1904,0,3129,,,,
1905,0,3130,,,,
1906,0,3131,,,,
1907,0,3132,,,,
1908,0,3133,,,,
1909,0,3134,,,,
1910,0,3201,,,,
1911,0,3202,,,,
1912,0,3203,,,,
1913,0,3204,,,,
1914,0,3205,,,,
1915,0,3206,,,,
1916,0,3207,,,,
1917,0,3211,,,,
1918,2745,3212,신풍,7호선,126.90993,37.50008
1919,0,3214,,,,
1920,0,3215,,,,
1921,1006,3219,영등포,경부선,126.907628,37.515504
1922,0,3220,,,,
1923,0,3221,,,,
1924,227,3305,낙성대,2호선,126.963693,37.47693
1925,0,3306,,,,
1926,0,3307,,,,
1927,0,3310,,,,
1928,228,3311,서울대입구(관악구청),2호선,126.952739,37.481247
1929,0,3401,,,,
1930,0,3402,,,,
1931,0,3403,,,,
1932,154,3404,종로5가,1호선,127.001849,37.570926
1933,0,3405,,,,
1934,0,3406,,,,
1935,0,3407,,,,
1936,152,3408,종각,1호선,126.982923,37.570161
1937,2535,3410,종로3가,5호선,126.990305,37.57254
1938,0,3411,,,,
1939,0,3412,,,,
1940,0,3413,,,,
1941,154,3414,종로5가,1호선,127.001849,37.570926
1942,421,3415,동대문,4호선,127.009287,37.57093
1943,2637,3416,동묘앞,6호선,127.015653,37.572279
1944,0,3417,,,,
1945,2638,3418,창신,6호선,127.015241,37.579661
1946,0,3419,,,,
1947,0,3420,,,,
1948,0,3421,,,,
1949,0,3422,,,,
1950,0,3423,,,,
1951,0,3425,,,,
1952,316,3426,독립문,3호선,126.957748,37.574571
1953,0,3427,,,,
1954,0,3428,,,,
1955,0,3429,,,,
1956,0,3430,,,,
1957,0,3431,,,,
1958,0,3432,,,,
1959,2727,3500,군자(능동),7호선,127.079338,37.556897
1960,0,3501,,,,
1961,2726,3502,중곡,7호선,127.08432,37.565923
1962,0,3503,,,,
1963,0,3504,,,,
1964,0,3505,,,,
1965,0,3506,,,,
1966,0,3507,,,,
1967,0,3508,,,,
1968,0,3509,,,,
1969,0,3510,,,,
1970,0,3511,,,,
1971,207,3513,상왕십리,2호선,127.029354,37.564354
1972,0,3514,,,,
1973,0,3515,,,,
1974,0,3516,,,,
1975,0,3517,,,,
1976,2727,3518,군자(능동),7호선,127.079338,37.556897
1977,0,3520,,,,
1978,0,3521,,,,
1979,0,3523,,,,
1980,0,3524,,,,
1981,0,3525,,,,
1982,0,3527,,,,
1983,0,3528,,,,
1984,0,3529,,,,
1985,0,3530,,,,
1986,0,3531,,,,
1987,0,3532,,,,
1988,0,3533,,,,
1989,212,3534,건대입구,2호선,127.069191,37.540373
1990,0,3536,,,,
1991,0,3537,,,,
1992,0,3538,,,,
1993,0,3539,,,,
1994,0,3541,,,,
1995,0,3542,,,,
1996,0,3543,,,,
1997,209,3544,한양대,2호선,127.043655,37.555273
1998,209,3545,한양대,2호선,127.043655,37.555273
1999,207,3547,상왕십리,2호선,127.029354,37.564354
2000,210,3548,뚝섬,2호선,127.047367,37.547184
2001,0,3549,,,,
2002,0,3550,,,,
2003,0,3551,,,,
2004,0,3552,,,,
2005,2542,3553,마장,5호선,127.042973,37.5661
2006,0,3555,,,,
2007,2539,3556,신금호,5호선,127.020331,37.554548
2008,0,3557,,,,
2009,0,3558,,,,
2010,0,3559,,,,
2011,0,3560,,,,
2012,0,3561,,,,
2013,0,3563,,,,
2014,0,3564,,,,
2015,0,3566,,,,
2016,0,3569,,,,
2017,0,3570,,,,
2018,0,3571,,,,
2019,0,3573,,,,
2020,0,3575,,,,
2021,0,3578,,,,
2022,0,3579,,,,
2023,2728,3581,어린이대공원(세종대),7호선,127.074658,37.548014
2024,0,3582,,,,
2025,0,3586,,,,
2026,0,3587,,,,
2027,0,3588,,,,
2028,244,3600,용답,2호선,127.050899,37.561904
2029,0,3602,,,,
2030,219,3603,삼성(무역센터),2호선,127.06316,37.508844
2031,4128,3604,삼성중앙,9호선(연장),127.053282,37.513011
2032,4129,3605,봉은사,9호선(연장),127.060245,37.514219
2033,0,3606,,,,
2034,0,3609,,,,
2035,0,3610,,,,
2036,0,3611,,,,
2037,0,3612,,,,
2038,0,3614,,,,
2039,2733,3615,학동,7호선,127.031656,37.514229
2040,0,3616,,,,
2041,0,3618,,,,
2042,0,3620,,,,
2043,0,3621,,,,
2044,0,3622,,,,
2045,0,3623,,,,
2046,1028,3624,대모산입구,분당선,127.07272,37.491373
2047,0,3627,,,,
2048,0,3628,,,,
2049,0,3629,,,,
2050,0,3630,,,,
2051,0,3634,,,,
2052,0,3636,,,,
2053,0,3637,,,,
2054,0,3638,,,,
2055,0,3640,,,,
2056,337,3641,대청,3호선,127.079532,37.493514
2057,0,3642,,,,
2058,0,3643,,,,
2059,0,3644,,,,
2060,4127,3646,선정릉,9호선(연장),127.043999,37.510297
2061,1026,3647,구룡,분당선,127.058856,37.486839
2062,1026,3648,구룡,분당선,127.058856,37.486839
2063,1026,3649,구룡,분당선,127.058856,37.486839
2064,0,3652,,,,
2065,0,3653,,,,
2066,0,3654,,,,
2067,0,3655,,,,
2068,0,3656,,,,
2069,0,3657,,,,
2070,0,3658,,,,
2071,0,3659,,,,
2072,0,3661,,,,
2073,0,3663,,,,
2074,0,3664,,,,
2075,0,3665,,,,
2076,0,3668,,,,
2077,0,3671,,,,
2078,0,3672,,,,
2079,0,3673,,,,
2080,0,3674,,,,
2081,0,3675,,,,
2082,0,3676,,,,
2083,0,3677,,,,
2084,2549,3680,강동,5호선,127.132481,37.535804
2085,2550,3681,길동,5호선,127.140004,37.537801
2086,0,3682,,,,
2087,0,3683,,,,
2088,0,3684,,,,
2089,0,3685,,,,
2090,0,3686,,,,
2091,0,3687,,,,
2092,0,3688,,,,
2093,9995,3689,강일,5호선,127.17593,37.55749
2094,9995,3690,강일,5호선,127.17593,37.55749
2095,2555,3691,둔촌동,5호선,127.136248,37.527788
2096,4137,3692,둔촌오륜,9호선(연장),127.137989,37.519683
2097,0,3694,,,,
2098,0,3703,,,,
2099,0,3707,,,,
2100,0,3711,,,,
2101,0,3714,,,,
2102,0,3718,,,,
2103,0,3753,,,,
2104,4104,3754,신방화,9호선,126.816601,37.567532
2105,0,3756,,,,
2106,4104,3757,신방화,9호선,126.816601,37.567532
2107,0,3758,,,,
2108,0,3759,,,,
2109,2516,3760,발산,5호선,126.837668,37.558598
2110,0,3761,,,,
2111,0,3762,,,,
2112,0,3763,,,,
2113,0,3764,,,,
2114,0,3765,,,,
2115,0,3766,,,,
2116,0,3767,,,,
2117,4108,3769,증미,9호선,126.861939,37.557402
2118,0,3770,,,,
2119,0,3772,,,,
2120,0,3774,,,,
2121,0,3775,,,,
2122,0,3776,,,,
2123,0,3778,,,,
2124,0,3779,,,,
2125,0,3780,,,,
2126,0,3781,,,,
2127,0,3782,,,,
2128,0,3783,,,,
2129,0,3784,,,,
2130,0,3785,,,,
2131,0,3786,,,,
2132,0,3787,,,,
2133,0,3788,,,,
2134,0,3789,,,,
2135,0,3792,,,,
2136,0,3793,,,,
2137,0,3794,,,,
2138,2514,3795,송정,5호선,126.811973,37.561184
2139,2514,3796,송정,5호선,126.811973,37.561184
2140,0,3797,,,,
2141,0,3798,,,,
2142,0,3799,,,,
2143,0,3801,,,,
2144,0,3802,,,,
2145,0,3803,,,,
2146,0,3804,,,,
2147,0,3806,,,,
2148,0,3807,,,,
2149,0,3810,,,,
2150,0,3811,,,,
2151,0,3812,,,,
2152,227,3813,낙성대,2호선,126.963693,37.47693
2153,0,3814,,,,
2154,0,3815,,,,
2155,0,3816,,,,
2156,0,3818,,,,
2157,2728,3853,어린이대공원(세종대),7호선,127.074658,37.548014
2158,0,3860,,,,
2159,0,3863,,,,
2160,0,3864,,,,
2161,0,3865,,,,
2162,0,3868,,,,
2163,0,3873,,,,
2164,0,3878,,,,
2165,0,3879,,,,
2166,0,3880,,,,
2167,0,3881,,,,
2168,0,3882,,,,
2169,0,3886,,,,
2170,0,3902,,,,
2171,1801,3903,개봉,경인선,126.85968,37.494594
2172,0,3904,,,,
2173,0,3905,,,,
2174,0,3906,,,,
2175,0,3907,,,,
2176,0,3908,,,,
2177,0,3910,,,,
2178,0,3911,,,,
2179,0,3912,,,,
2180,0,3914,,,,
2181,0,3915,,,,
2182,0,3918,,,,
2183,0,3956,,,,
2184,0,3958,,,,
2185,0,3959,,,,
2186,0,3963,,,,
2187,1714,3966,독산,경부선,126.889249,37.466613
2188,0,3967,,,,
2189,0,3968,,,,
2190,0,3969,,,,
2191,0,3970,,,,
2192,0,3971,,,,
2193,0,3972,,,,
2194,0,3973,,,,
2195,0,3974,,,,
2196,0,3977,,,,
2197,0,3983,,,,
2198,0,3984,,,,
2199,0,3985,,,,
2200,0,4002,,,,
2201,0,4003,,,,
2202,0,4004,,,,
2203,0,4005,,,,
2204,0,4007,,,,
2205,0,4008,,,,
2206,0,4009,,,,
2207,0,4011,,,,
2208,0,4013,,,,
2209,409,4014,당고개,4호선,127.079066,37.670272
2210,0,4016,,,,
2211,0,4017,,,,
2212,0,4018,,,,
2213,0,4019,,,,
2214,0,4020,,,,
2215,0,4021,,,,
2216,1020,4023,월계,경원선,127.058831,37.633212
2217,0,4024,,,,
2218,0,4025,,,,
2219,0,4026,,,,
2220,0,4027,,,,
2221,0,4028,,,,
2222,0,4029,,,,
2223,0,4031,,,,
2224,0,4032,,,,
2225,0,4033,,,,
2226,0,4034,,,,
2227,0,4035,,,,
2228,0,4036,,,,
2229,0,4037,,,,
2230,0,4039,,,,
2231,0,4040,,,,
2232,2718,4041,공릉(서울과학기술대),7호선,127.072896,37.625742
2233,0,4042,,,,
2234,0,4043,,,,
2235,0,4044,,,,
2236,0,4045,,,,
2237,0,4046,,,,
2238,0,4054,,,,
2239,0,4058,,,,
2240,0,4062,,,,
2241,0,4064,,,,
2242,0,4065,,,,
2243,0,4073,,,,
2244,0,4074,,,,
2245,0,4075,,,,
2246,0,4076,,,,
2247,0,4077,,,,
2248,0,4078,,,,
2249,0,4080,,,,
2250,0,4102,,,,
2251,0,4103,,,,
2252,0,4104,,,,
2253,0,4105,,,,
2254,0,4107,,,,
2255,0,4108,,,,
2256,0,4110,,,,
2257,0,4113,,,,
2258,0,4114,,,,
2259,0,4116,,,,
2260,0,4117,,,,
2261,0,4121,,,,
2262,0,4122,,,,
2263,0,4123,,,,
2264,0,4125,,,,
2265,0,4152,,,,
2266,0,4153,,,,
2267,0,4158,,,,
2268,0,4162,,,,
2269,0,4167,,,,
2270,2743,4169,신대방삼거리,7호선,126.928276,37.499701
2271,0,4171,,,,
2272,0,4173,,,,
2273,1005,4175,대방,경부선,126.926382,37.513342
2274,0,4202,,,,
2275,2625,4206,광흥창(서강),6호선,126.931993,37.547456
2276,0,4207,,,,
2277,0,4208,,,,
2278,0,4210,,,,
2279,0,4211,,,,
2280,0,4212,,,,
2281,0,4213,,,,
2282,0,4214,,,,
2283,0,4216,,,,
2284,0,4217,,,,
2285,0,4218,,,,
2286,0,4220,,,,
2287,0,4221,,,,
2288,0,4222,,,,
2289,0,4224,,,,
2290,0,4226,,,,
2291,0,4233,,,,
2292,0,4234,,,,
2293,4204,4238,디지털미디어시티,공항철도1호선,126.898609,37.576958
2294,0,4239,,,,
2295,0,4240,,,,
2296,0,4253,,,,
2297,0,4255,,,,
2298,0,4262,,,,
2299,0,4303,,,,
2300,0,4304,,,,
2301,0,4305,,,,
2302,0,4306,,,,
2303,0,4307,,,,
2304,0,4309,,,,
2305,0,4310,,,,
2306,2736,4312,고속터미널,7호선,127.005068,37.503367
2307,0,4313,,,,
2308,0,4314,,,,
2309,0,4315,,,,
2310,2736,4316,고속터미널,7호선,127.005068,37.503367
2311,0,4317,,,,
2312,225,4318,방배,2호선,126.997596,37.481426
2313,0,4319,,,,
2314,0,4320,,,,
2315,0,4322,,,,
2316,0,4323,,,,
2317,0,4324,,,,
2318,0,4327,,,,
2319,0,4329,,,,
2320,0,4330,,,,
2321,0,4353,,,,
2322,0,4360,,,,
2323,0,4362,,,,
2324,2539,4363,신금호,5호선,127.020331,37.554548
2325,0,4367,,,,
2326,0,4370,,,,
2327,0,4373,,,,
2328,0,4377,,,,
2329,0,4406,,,,
2330,2644,4408,돌곶이,6호선,127.056431,37.610537
2331,0,4411,,,,
2332,0,4414,,,,
2333,0,4415,,,,
2334,0,4452,,,,
2335,0,4453,,,,
2336,0,4454,,,,
2337,0,4456,,,,
2338,0,4457,,,,
2339,0,4458,,,,
2340,0,4460,,,,
2341,0,4461,,,,
2342,0,4462,,,,
2343,2557,4463,방이,5호선,127.126133,37.508857
2344,0,4464,,,,
2345,0,4465,,,,
2346,0,4467,,,,
2347,0,4468,,,,
2348,2560,4469,거여,5호선,127.14415,37.493105
2349,0,4472,,,,
2350,0,4473,,,,
2351,0,4474,,,,
2352,0,4475,,,,
2353,0,4478,,,,
2354,0,4479,,,,
2355,2818,4480,가락시장,8호선,127.118398,37.492888
2356,0,4481,,,,
2357,0,4483,,,,
2358,215,4484,잠실나루,2호선,127.10379,37.520733
2359,215,4485,잠실나루,2호선,127.10379,37.520733
2360,0,4486,,,,
2361,0,4488,,,,
2362,0,4490,,,,
2363,2820,4491,장지,8호선,127.126191,37.478703
2364,0,4493,,,,
2365,0,4496,,,,
2366,0,4497,,,,
2367,0,4499,,,,
2368,0,4500,,,,
2369,0,4507,,,,
2370,0,4508,,,,
2371,0,4509,,,,
2372,0,4510,,,,
2373,0,4512,,,,
2374,0,4514,,,,
2375,0,4515,,,,
2376,0,4516,,,,
2377,0,4517,,,,
2378,0,4518,,,,
2379,0,4519,,,,
2380,0,4520,,,,
2381,0,4522,,,,
2382,0,4523,,,,
2383,0,4526,,,,
2384,0,4527,,,,
2385,248,4528,양천구청,2호선,126.865819,37.512398
2386,0,4530,,,,
2387,0,4531,,,,
2388,0,4532,,,,
2389,0,4534,,,,
2390,0,4535,,,,
2391,0,4536,,,,
2392,0,4552,,,,
2393,0,4553,,,,
2394,0,4555,,,,
2395,0,4556,,,,
2396,0,4557,,,,
2397,0,4558,,,,
2398,1032,4559,신길,경부선,126.917865,37.516862
2399,0,4560,,,,
2400,2523,4561,양평,5호선,126.886129,37.525569
2401,0,4563,,,,
2402,0,4564,,,,
2403,0,4565,,,,
2404,0,4566,,,,
2405,0,4567,,,,
2406,0,4568,,,,
2407,0,4569,,,,
2408,0,4571,,,,
2409,0,4573,,,,
2410,2525,4574,영등포시장,5호선,126.905139,37.522669
2411,0,4575,,,,
2412,0,4576,,,,
2413,0,4578,,,,
2414,0,4579,,,,
2415,0,4580,,,,
2416,0,4581,,,,
2417,0,4582,,,,
2418,0,4583,,,,
2419,0,4584,,,,
2420,0,4585,,,,
2421,0,4588,,,,
2422,0,4589,,,,
2423,0,4590,,,,
2424,0,4591,,,,
2425,0,4592,,,,
2426,0,4594,,,,
2427,0,4598,,,,
2428,0,4599,,,,
2429,0,4600,,,,
2430,0,4602,,,,
2431,0,4603,,,,
2432,0,4604,,,,
2433,0,4605,,,,
2434,0,4607,,,,
2435,0,4608,,,,
2436,0,4609,,,,
2437,0,4610,,,,
2438,0,4611,,,,
2439,0,4612,,,,
2440,0,4613,,,,
2441,0,4615,,,,
2442,0,4616,,,,
2443,0,4617,,,,
2444,0,4618,,,,
2445,0,4619,,,,
2446,2629,4620,삼각지,6호선,126.974032,37.535534
2447,0,4622,,,,
2448,0,4623,,,,
2449,0,4625,,,,
2450,1261,4627,효창공원앞,경의중앙선,126.96221,37.538579
2451,0,4629,,,,
2452,0,4632,,,,
2453,0,4633,,,,
2454,0,4652,,,,
2455,2613,4653,불광,6호선,126.92939,37.610873
2456,0,4654,,,,
2457,0,4657,,,,
2458,313,4658,녹번,3호선,126.935756,37.600927
2459,0,4659,,,,
2460,0,4663,,,,
2461,0,4665,,,,
2462,0,4667,,,,
2463,0,4668,,,,
2464,0,4671,,,,
2465,0,4672,,,,
2466,0,4674,,,,
2467,0,4676,,,,
2468,0,4677,,,,
2469,0,4678,,,,
2470,0,4702,,,,
2471,0,4703,,,,
2472,0,4705,,,,
2473,0,4707,,,,
2474,0,4708,,,,
2475,0,4709,,,,
2476,0,4710,,,,
2477,0,4711,,,,
2478,0,4713,,,,
2479,0,4715,,,,
2480,243,4752,충정로(경기대입구),2호선,126.964378,37.559704
2481,0,4753,,,,
2482,150,4760,서울역,1호선,126.972135,37.556228
2483,0,4761,,,,
2484,202,4762,을지로입구,2호선,126.982618,37.566014
2485,0,4765,,,,
2486,0,4766,,,,
2487,151,4768,시청,1호선,126.977088,37.565715
2488,0,4772,,,,
2489,202,4774,을지로입구,2호선,126.982618,37.566014
2490,202,4775,을지로입구,2호선,126.982618,37.566014
2491,0,4776,,,,
2492,0,4777,,,,
2493,0,4778,,,,
2494,0,4781,,,,
2495,0,4782,,,,
2496,0,4784,,,,
2497,0,4785,,,,
2498,424,4791,명동,4호선,126.986325,37.560989
2499,0,4792,,,,
2500,2537,4793,동대문역사문화공원,5호선,127.005353,37.564665
2501,0,4794,,,,
2502,0,4796,,,,
2503,0,4797,,,,
2504,0,4798,,,,
2505,0,4802,,,,
2506,0,4803,,,,
2507,2722,4804,상봉(시외버스터미널),7호선,127.085716,37.595577
2508,0,4807,,,,
2509,0,4808,,,,
2510,0,4809,,,,
2511,0,4811,,,,
2512,0,4812,,,,
2513,0,4813,,,,
2514,0,4815,,,,
2515,0,4819,,,,
2516,1203,4820,망우,중앙선,127.091909,37.59955
2517,0,4821,,,,
2518,0,4823,,,,
2519,0,4824,,,,
2520,0,4825,,,,
2521,0,4826,,,,
2522,0,4827,,,,
2523,0,4828,,,,
2524,0,4829,,,,
2525,0,4834,,,,
2526,0,4835,,,,
2527,0,4852,,,,
2528,0,4853,,,,
2529,2818,4854,가락시장,8호선,127.118398,37.492888
2530,0,4855,,,,
2531,0,4856,,,,
2532,0,4857,,,,
2533,0,4859,,,,
2534,0,4860,,,,
2535,0,4861,,,,
2536,0,4862,,,,
2537,0,4863,,,,
2538,0,4864,,,,
2539,4135,4865,한성백제,9호선(연장),127.116503,37.516404
2540,0,4867,,,,
2541,0,4868,,,,
2542,0,4869,,,,
2543,2814,4870,몽촌토성(평화의문),8호선,127.112359,37.517409
2544,0,4871,,,,
2545,2559,4872,개롱,5호선,127.13482,37.498079
2546,2559,4873,개롱,5호선,127.13482,37.498079
2547,0,4874,,,,
2548,0,4875,,,,
2549,0,4876,,,,
2550,0,4879,,,,
2551,0,4880,,,,
2552,0,4881,,,,
2553,0,4882,,,,
2554,0,4883,,,,
2555,0,4884,,,,
2556,0,4885,,,,
2557,0,4886,,,,
2558,0,4887,,,,
2559,4137,4888,둔촌오륜,9호선(연장),127.137989,37.519683
2560,0,4889,,,,
2561,0,4891,,,,
2562,0,4892,,,,
2563,0,4893,,,,
2564,0,4894,,,,
2565,0,4895,,,,
2566,0,4896,,,,
2567,0,4897,,,,
2568,0,4902,,,,
2569,2515,5052,마곡,5호선,126.825448,37.560183
2570,0,5053,,,,
2571,0,5055,,,,
2572,0,5056,,,,
2573,0,5057,,,,
2574,0,5059,,,,
2575,0,5061,,,,
2576,0,5062,,,,
2577,0,5063,,,,
2578,4106,5064,양천향교,9호선,126.841333,37.568381
2579,0,5065,,,,
2580,0,5066,,,,
2581,0,5067,,,,
2582,0,5070,,,,
2583,0,5072,,,,
2584,0,5073,,,,
2585,0,5074,,,,
2586,0,5075,,,,
2587,0,152,,,,
2588,0,158,,,,
2589,0,218,,,,
2590,0,257,,,,
2591,2534,304,광화문(세종문화회관),5호선,126.97717,37.571525
2593,151,312,시청,1호선,126.977088,37.565715
2595,0,375,,,,
2596,0,378,,,,
2597,0,482,,,,
2598,0,581,,,,
2600,0,675,,,,
2601,0,707,,,,
2602,2552,1014,명일,5호선,127.143999,37.55137
2603,0,1320,,,,
2606,0,1434,,,,
2607,0,1443,,,,
2608,0,1534,,,,
2609,4708,1545,솔샘,우이신설선,127.013626,37.620238
2610,0,1695,,,,
2611,0,1700,,,,
2613,0,2081,,,,
2614,326,2361,압구정,3호선,127.028461,37.527072
2616,0,2534,,,,
2617,2821,2607,복정,8호선,127.126732,37.471052
2619,0,2629,,,,
2621,0,2905,,,,
2624,0,3755,,,,
2626,0,4038,,,,
2628,0,4112,,,,
2632,0,4704,,,,
2633,322,4779,동대입구,3호선,127.005602,37.559052
2634,151,311,시청,1호선,126.977088,37.565715
2635,0,373,,,,
2637,1291,444,서울역,경의중앙선,126.97103,37.557231
2639,0,868,,,,
2640,0,3535,,,,
2641,0,3106,,,,
2642,0,101,,,,
2643,0,136,,,,
2644,0,151,,,,
2646,0,4205,,,,
2647,0,1114,,,,
2648,0,2714,,,,
2650,0,2200,,,,
2651,227,3304,낙성대,2호선,126.963693,37.47693
2652,0,2292,,,,
2653,0,2543,,,,
